title,original_language,release_year,release_month,runtime,genre,averageRating,budget,revenue,agg_profit,norm_revenue
Venus,es,2022,12,\N,\N,5.9,6000000.0,7818479.0,1818479.0,7818479.0
The Menu,en,2022,11,90,"Crime,Drama",6.2,30000000.0,75820378.0,45820378.0,75820378.0
Terror Train,en,2022,10,97,"Horror,Mystery,Thriller",5.8,3500000.0,8000000.0,4500000.0,8000000.0
Halloween Ends,en,2022,10,111,"Drama,Horror,Mystery",5.0,20000000.0,105400796.0,85400796.0,105400796.0
The Visitor,en,2022,10,108,"Horror,Sci-Fi",5.2,4000000.0,19174817.0,15174817.0,19174817.0
Alone in the Dark,en,2022,10,102,Drama,6.8,20000000.0,10588079.0,-9411921.0,10588079.0
Terrifier 2,en,2022,10,138,Horror,6.1,250000.0,15702292.0,15452292.0,15702292.0
Snatched,en,2022,10,81,Comedy,4.3,42000000.0,60129558.0,18129558.0,60129558.0
The Hunted,en,2022,10,88,"Crime,Drama,Film-Noir",6.5,55000000.0,47213095.0,-7786905.0,47213095.0
Hellraiser,en,2022,9,94,"Horror,Thriller",6.9,1000000.0,14575148.0,13575148.0,14575148.0
Smile,en,2022,9,113,Comedy,7.1,17000000.0,217038821.0,200038821.0,217038821.0
Jack Frost,en,2022,9,101,"Comedy,Drama,Family",5.4,50000000.0,34645374.0,-15354626.0,34645374.0
Barbarian,en,2022,9,102,"Horror,Mystery,Thriller",7.0,4500000.0,45352337.0,40852337.0,45352337.0
Instinct,en,2022,9,92,"Drama,Thriller",6.4,55000000.0,34105207.0,-20894793.0,34105207.0
Rings,en,2022,9,88,"Comedy,Drama,Horror",4.6,25000000.0,82917283.0,57917283.0,82917283.0
The Box,es,2022,9,100,Comedy,6.9,25000000.0,34356760.0,9356760.0,34356760.0
The Missing,en,2022,8,92,"Crime,Mystery,Thriller",5.1,65000000.0,38253433.0,-26746567.0,38253433.0
The Lair,en,2022,8,76,"Crime,Drama",4.8,5800000.0,66980.0,-5733020.0,66980.0
The Invitation,en,2022,8,100,"Comedy,Drama",7.1,1000000.0,354836.0,-645164.0,354836.0
Three Kings,en,2022,8,114,"Action,Adventure,Comedy",7.1,48000000.0,107752036.0,59752036.0,107752036.0
Beast,en,2022,8,155,"Action,Comedy,Crime",5.2,36000000.0,59168339.0,23168339.0,59168339.0
Skinamarink,en,2022,7,100,"Horror,Mystery",4.8,15000.0,2131183.0,2116183.0,2131183.0
Nope,en,2022,7,130,"Horror,Mystery,Sci-Fi",6.8,68000000.0,172039087.0,104039087.0,172039087.0
The Shack,en,2022,6,132,"Drama,Fantasy",6.3,20000000.0,96860808.0,76860808.0,96860808.0
Mad God,en,2022,6,83,"Animation,Fantasy,Horror",6.8,150000.0,329009.0,179009.0,329009.0
The Eye,en,2022,6,114,"Drama,Thriller",5.5,12000000.0,57577765.0,45577765.0,57577765.0
The Overnight,en,2022,6,88,\N,7.5,200000.0,1165996.0,965996.0,1165996.0
The Apartment,en,2022,5,125,"Comedy,Drama,Romance",8.3,3000000.0,24599998.0,21599998.0,24599998.0
Monster,zh,2022,5,109,"Biography,Crime,Drama",7.3,5000000.0,64200321.0,59200321.0,64200321.0
Glass,en,2022,5,93,Thriller,2.8,20000000.0,246999039.0,226999039.0,246999039.0
Firestarter,en,2022,5,114,"Action,Horror,Sci-Fi",6.1,15000000.0,15136870.0,136870.0,15136870.0
Envy,de,2022,4,99,Comedy,4.8,20000000.0,14566246.0,-5433754.0,14566246.0
The Hunt,es,2022,4,91,"Drama,Thriller",7.5,18200000.0,12400979.0,-5799021.0,12400979.0
Remember Me,en,2022,4,100,Drama,6.3,16000000.0,56506120.0,40506120.0,56506120.0
The Funeral,zh,2022,4,124,"Comedy,Drama",7.2,12500000.0,1412799.0,-11087201.0,1412799.0
Shut In,en,2022,3,89,Thriller,5.8,10000000.0,11360665.0,1360665.0,11360665.0
X,en,2022,3,94,Drama,6.3,1000000.0,15113105.0,14113105.0,15113105.0
Speak No Evil,da,2022,3,97,"Drama,Horror,Mystery",6.6,15000000.0,75725216.0,60725216.0,75725216.0
Holes,is,2022,3,117,"Adventure,Comedy,Drama",7.0,20000000.0,71232214.0,51232214.0,71232214.0
The Little Things,en,2022,2,90,Drama,8.4,30000000.0,29735222.0,-264778.0,29735222.0
Neighbors,en,2022,2,94,Comedy,5.5,18000000.0,270944428.0,252944428.0,270944428.0
Possession,no,2022,2,124,"Drama,Horror",7.3,25000000.0,14805812.0,-10194188.0,14805812.0
Paranoia,en,2022,1,102,Drama,6.5,40000000.0,16340767.0,-23659233.0,16340767.0
The House,en,2022,1,95,Comedy,6.3,40000000.0,31192425.0,-8807575.0,31192425.0
Scream,en,2022,1,82,"Horror,Mystery",2.8,24000000.0,138874789.0,114874789.0,138874789.0
The Artist,en,2021,12,100,"Comedy,Drama",7.1,16000000.0,128100584.0,112100584.0,64050292.0
Host,ca,2021,12,57,"Horror,Mystery",6.5,35000.0,436536.0,401536.0,218268.0
Boomerang,en,2021,12,100,"Crime,Drama",6.2,42000000.0,131052444.0,89052444.0,65526222.0
Resident Evil: Welcome to Raccoon City,en,2021,11,107,"Action,Horror,Sci-Fi",5.2,25000000.0,41909091.0,16909091.0,20954545.5
Hide and Seek,en,2021,11,63,"Documentary,Drama",7.1,25000000.0,123696741.0,98696741.0,61848370.5
The Witch,es,2021,11,80,"Drama,Fantasy,Horror",6.3,3500000.0,40374032.0,36874032.0,20187016.0
Intruders,es,2021,11,\N,Drama,5.7,1587000.0,8019.0,-1578981.0,4009.5
Ouija,en,2021,11,104,"Horror,Thriller",2.9,5000000.0,103300632.0,98300632.0,51650316.0
The Honeymooners,en,2021,11,57,Adult,5.9,27000000.0,13174426.0,-13825574.0,6587213.0
The Monster,et,2021,11,86,"Comedy,Horror,Mystery",6.2,2700000.0,86288.0,-2613712.0,43144.0
Carousel,en,2021,11,128,"Drama,Fantasy,Musical",6.5,3380000.0,3604.0,-3376396.0,1802.0
Pinocchio,fr,2021,10,88,"Adventure,Animation,Comedy",7.5,45000000.0,31681811.0,-13318189.0,15840905.5
Bella,es,2021,10,85,"Adult,Drama,Romance",5.8,3300000.0,12405473.0,9105473.0,6202736.5
Cube,ja,2021,10,90,"Horror,Mystery,Sci-Fi",7.1,250000.0,8969065.0,8719065.0,4484532.5
Last Night in Soho,en,2021,10,116,"Drama,Horror,Mystery",7.0,43000000.0,22567607.0,-20432393.0,11283803.5
Dark Water,en,2021,10,92,"Crime,Drama,Mystery",5.1,60000000.0,49473093.0,-10526907.0,24736546.5
Changeling,en,2021,10,141,"Biography,Crime,Drama",7.7,55000000.0,113805580.0,58805580.0,56902790.0
Halloween Kills,en,2021,10,105,"Action,Drama,Horror",5.5,20000000.0,130851162.0,110851162.0,65425581.0
The Family,en,2021,10,103,Drama,6.1,30000000.0,80588942.0,50588942.0,40294471.0
Cinderella,ta,2021,9,52,"Drama,Fantasy",6.1,95000000.0,542351353.0,447351353.0,271175676.5
Jack and Jill,en,2021,9,100,Comedy,7.8,79000000.0,150519217.0,71519217.0,75259608.5
Malignant,en,2021,9,85,"Horror,Sci-Fi,Thriller",4.4,40000000.0,33974421.0,-6025579.0,16987210.5
Pan,en,2021,8,96,Drama,6.6,150000000.0,151525973.0,1525973.0,75762986.5
Sisters,fr,2021,8,93,"Horror,Mystery,Thriller",6.9,30000000.0,106030660.0,76030660.0,53015330.0
Creature,es,2021,8,95,"Horror,Sci-Fi",4.4,3000000.0,533235.0,-2466765.0,266617.5
Demonic,en,2021,7,104,"Drama,Horror,Sci-Fi",4.3,3000000.0,4668109.0,1668109.0,2334054.5
Old,en,2021,7,108,"Drama,Horror,Mystery",5.8,18000000.0,89836797.0,71836797.0,44918398.5
The Big Parade,en,2021,7,151,"Drama,Romance,War",7.9,245000.0,22000000.0,21755000.0,11000000.0
Escape Room: Tournament of Champions,en,2021,7,88,"Action,Adventure,Horror",5.7,15000000.0,53493064.0,38493064.0,26746532.0
The Forever Purge,en,2021,6,103,"Action,Crime,Horror",5.4,18000000.0,76950525.0,58950525.0,38475262.5
The Apparition,en,2021,6,82,"Horror,Thriller",4.1,17000000.0,10637281.0,-6362719.0,5318640.5
Hereafter,en,2021,6,129,"Drama,Fantasy,Romance",6.5,50000000.0,108660270.0,58660270.0,54330135.0
The House Next Door: Meet the Blacks 2,en,2021,6,97,"Action,Comedy,Horror",4.1,3500000.0,2893660.0,-606340.0,1446830.0
The Lovers,en,2021,6,87,Comedy,7.5,35000000.0,53899.0,-34946101.0,26949.5
Click,en,2021,6,105,\N,6.0,82500000.0,237685089.0,155185089.0,118842544.5
The Conjuring: The Devil Made Me Do It,en,2021,5,112,"Horror,Mystery,Thriller",6.3,40000000.0,200266441.0,160266441.0,100133220.5
Orphan,en,2021,5,99,Drama,7.1,20000000.0,78769428.0,58769428.0,39384714.0
The Invisible Man,en,2021,5,71,"Horror,Sci-Fi",7.6,7000000.0,139011965.0,132011965.0,69505982.5
Game Night,en,2021,5,100,"Action,Adventure,Comedy",6.9,37000000.0,117378084.0,80378084.0,58689042.0
The Darkness,en,2021,5,92,"Horror,Thriller",4.5,4000000.0,10904495.0,6904495.0,5452247.5
Spellbound,en,2021,5,111,"Film-Noir,Mystery,Romance",7.5,1500000.0,7000000.0,5500000.0,3500000.0
The Guardian,vi,2021,4,92,"Drama,Fantasy,Horror",5.4,70000000.0,94973540.0,24973540.0,47486770.0
Cursed,en,2021,4,85,Horror,3.6,35000000.0,25114901.0,-9885099.0,12557450.5
Home,en,2021,4,91,"Comedy,Drama",4.8,130000000.0,385997896.0,255997896.0,192998948.0
Inferno,en,2021,4,83,"Crime,Drama,Romance",7.0,75000000.0,219519367.0,144519367.0,109759683.5
The Believer,en,2021,4,98,Drama,7.1,1500000.0,1840248.0,340248.0,920124.0
The Unholy,en,2021,3,102,Horror,5.0,10000000.0,30792024.0,20792024.0,15396012.0
Bats,en,2021,3,91,"Horror,Sci-Fi,Thriller",4.1,6500000.0,10155691.0,3655691.0,5077845.5
Dreamcatcher,en,2021,3,134,"Drama,Horror,Sci-Fi",5.5,68000000.0,75685268.0,7685268.0,37842634.0
Endless Love,zh,2021,3,116,"Drama,Romance",4.9,20000000.0,34718173.0,14718173.0,17359086.5
Rent,pt,2021,3,135,"Drama,Musical,Romance",6.8,40000000.0,31670620.0,-8329380.0,15835310.0
After Hours,en,2021,2,97,"Comedy,Crime,Drama",7.6,4500000.0,10624419.0,6124419.0,5312209.5
The Best of Me,en,2021,2,118,"Drama,Romance",6.7,26000000.0,41059418.0,15059418.0,20529709.0
The Reckoning,en,2021,2,63,"Crime,Drama",4.8,3500000.0,465177.0,-3034823.0,232588.5
What If,en,2021,2,98,"Comedy,Romance",6.8,11000000.0,9814566.0,-1185434.0,4907283.0
The Island of Dr. Moreau,en,2021,1,99,"Adventure,Fantasy,Horror",5.9,40000000.0,27682712.0,-12317288.0,13841356.0
Wrong Turn,en,2021,1,84,"Horror,Thriller",6.1,10000000.0,28649556.0,18649556.0,14324778.0
Late Night,en,2021,1,102,"Comedy,Drama",6.5,4000000.0,22373378.0,18373378.0,11186689.0
The Haunting,en,2021,1,112,Horror,7.4,80000000.0,180188905.0,100188905.0,90094452.5
Circle,en,2020,12,72,"Drama,Family",5.3,2000000.0,10024.0,-1989976.0,3341.3333333333335
The Shallows,no,2020,12,86,"Action,Drama,Horror",6.3,13000000.0,118763442.0,105763442.0,39587814.0
Hoot,en,2020,12,91,"Adventure,Comedy,Family",5.5,15000000.0,8224998.0,-6775002.0,2741666.0
Breakdown,en,2020,11,76,"Crime,Drama,Film-Noir",6.2,36000000.0,50159144.0,14159144.0,16719714.666666666
Gone,en,2020,11,80,Thriller,7.1,19000000.0,18100189.0,-899811.0,6033396.333333333
Triangle,en,2020,11,87,Drama,5.7,12000000.0,1594955.0,-10405045.0,531651.6666666666
Freaky,en,2020,11,102,"Comedy,Horror,Thriller",6.3,6000000.0,18073433.0,12073433.0,6024477.666666667
Enchanted,en,2020,10,96,Comedy,4.9,85000000.0,340384141.0,255384141.0,113461380.33333333
Captive,en,2020,10,98,"Crime,Thriller",4.6,2000000.0,2791973.0,791973.0,930657.6666666666
Come Play,en,2020,10,96,"Drama,Horror,Mystery",5.8,9000000.0,12624174.0,3624174.0,4208058.0
The Call,en,2020,10,71,Drama,5.9,12800000.0,69821476.0,57021476.0,23273825.333333332
The Shadow,en,2020,10,63,Mystery,5.7,40000000.0,31835600.0,-8164400.0,10611866.666666666
The Relic,en,2020,10,110,"Horror,Mystery,Sci-Fi",5.8,60000000.0,33956608.0,-26043392.0,11318869.333333334
Noah,fr,2020,10,130,"Family,History,Musical",5.5,130000000.0,352831065.0,222831065.0,117610355.0
Clean,en,2020,10,90,"Drama,Music,Romance",6.8,10000.0,138711.0,128711.0,46237.0
Stuck,en,2020,10,96,Drama,7.5,5000000.0,67505.0,-4932495.0,22501.666666666668
The Howling,en,2020,9,91,Horror,6.5,1000000.0,17985130.0,16985130.0,5995043.333333333
Alive,en,2020,9,128,"Biography,Drama,Thriller",7.1,32000000.0,36299670.0,4299670.0,12099890.0
The Return,en,2020,9,70,Drama,7.3,15000000.0,5953886.0,-9046114.0,1984628.6666666667
Fuel,en,2020,8,90,Documentary,7.4,2500000.0,174255.0,-2325745.0,58085.0
The New Mutants,en,2020,8,94,"Action,Horror,Mystery",5.3,67000000.0,47535251.0,-19464749.0,15845083.666666666
The Cell,fr,2020,8,107,"Crime,Horror,Sci-Fi",6.4,35000000.0,104102747.0,69102747.0,34700915.666666664
Home Movies,en,2020,8,90,Comedy,5.0,400000.0,89134.0,-310866.0,29711.333333333332
The Circle,en,2020,7,71,"Comedy,Drama",6.4,18000000.0,45497689.0,27497689.0,15165896.333333334
Red,ru,2020,7,89,"Crime,Drama,Thriller",6.4,60000000.0,196439693.0,136439693.0,65479897.666666664
Milk,en,2020,6,\N,\N,4.4,20000000.0,57293371.0,37293371.0,19097790.333333332
Unfinished Business,en,2020,6,96,"Comedy,Musical,Romance",6.4,35000000.0,13214051.0,-21785949.0,4404683.666666667
Panic Room,en,2020,5,112,"Crime,Drama,Thriller",6.8,48000000.0,196308367.0,148308367.0,65436122.333333336
Choke,en,2020,5,98,"Documentary,Sport",7.4,3400000.0,4124277.0,724277.0,1374759.0
Mommy,en,2020,5,89,"Horror,Mystery,Thriller",4.8,4900000.0,17536004.0,12636004.0,5845334.666666667
The Unborn,en,2020,5,83,"Drama,Horror,Sci-Fi",4.8,16000000.0,78208812.0,62208812.0,26069604.0
The Intruder,en,2020,5,66,"Crime,Drama,Mystery",4.6,8000000.0,40597401.0,32597401.0,13532467.0
The Gift,en,2020,4,111,"Drama,Fantasy,Horror",6.7,10000000.0,44567606.0,34567606.0,14855868.666666666
Getaway,en,2020,4,90,"Action,Thriller",4.4,18000000.0,11813989.0,-6186011.0,3937996.3333333335
Abominable,en,2020,4,94,"Horror,Sci-Fi,Thriller",5.1,75000000.0,188668889.0,113668889.0,62889629.666666664
The Wretched,en,2020,3,92,Horror,5.2,66000.0,4594221.0,4528221.0,1531407.0
The Machine,en,2020,3,89,"Comedy,Drama,Romance",7.6,20000000.0,10656936.0,-9343064.0,3552312.0
Brahms: The Boy II,en,2020,2,86,"Drama,Horror,Mystery",4.7,10000000.0,18968326.0,8968326.0,6322775.333333333
Fantasy Island,en,2020,2,109,"Fantasy,Horror,Mystery",4.9,7000000.0,48518957.0,41518957.0,16172985.666666666
The Turning,en,2020,1,91,Drama,4.3,12000000.0,18460739.0,6460739.0,6153579.666666667
Speed,en,2020,1,70,"Action,Drama,Romance",5.7,30000000.0,283200000.0,253200000.0,94400000.0
Underwater,en,2020,1,95,"Action,Horror,Sci-Fi",5.9,65000000.0,39177495.0,-25822505.0,13059165.0
The Grudge,en,2020,1,100,"Adventure,Drama",6.5,10000000.0,187281115.0,177281115.0,62427038.333333336
Julia,fr,2020,1,83,Drama,4.7,6000000.0,1365108.0,-4634892.0,455036.0
Wolves,en,2020,1,91,"Action,Fantasy,Horror",5.3,18000000.0,94953.0,-17905047.0,31651.0
Awake,fr,2019,12,84,"Crime,Drama,Mystery",6.5,8600000.0,32968648.0,24368648.0,8242162.0
Tango,en,2019,12,66,Drama,5.3,4500000.0,5428387.0,928387.0,1357096.75
Black Christmas,en,2019,12,98,"Horror,Mystery,Thriller",7.1,9000000.0,16235738.0,7235738.0,4058934.5
Abigail,en,2019,11,87,"Crime,Mystery,Thriller",7.5,28000000.0,42645515.0,14645515.0,10661378.75
Doctor Sleep,en,2019,10,152,"Drama,Fantasy,Horror",7.3,45000000.0,71720838.0,26720838.0,17930209.5
Amelia,pt,2019,10,111,"Adventure,Biography,Drama",5.8,40000000.0,19756077.0,-20243923.0,4939019.25
Countdown,en,2019,10,101,"Sci-Fi,Thriller",5.9,6500000.0,42176201.0,35676201.0,10544050.25
The Lighthouse,en,2019,10,\N,\N,8.3,4000000.0,18268614.0,14268614.0,4567153.5
Ghost,hi,2019,10,127,"Drama,Fantasy,Romance",7.1,22000000.0,517599988.0,495599988.0,129399997.0
The Postman,no,2019,10,107,Drama,7.0,80000000.0,20841123.0,-59158877.0,5210280.75
The Collector,pt,2019,10,119,"Drama,Thriller",7.5,3000000.0,10473836.0,7473836.0,2618459.0
The Addams Family,en,2019,10,99,"Comedy,Fantasy",6.9,30000000.0,191502243.0,161502243.0,47875560.75
Zombieland: Double Tap,en,2019,10,99,"Action,Comedy,Horror",6.7,48000000.0,125213018.0,77213018.0,31303254.5
Cargo,ms,2019,9,\N,Drama,5.8,4200000.0,313230.0,-3886770.0,78307.5
Kin,tr,2019,9,80,"Action,Adventure,Drama",5.1,30000000.0,10383524.0,-19616476.0,2595881.0
Wolf,en,2019,9,125,"Drama,Horror,Romance",6.3,70000000.0,131011757.0,61011757.0,32752939.25
Blood Quantum,en,2019,9,98,"Drama,Horror",5.6,4500000.0,10926.0,-4489074.0,2731.5
Limbo,en,2019,8,112,Drama,6.1,8300000.0,2598224.0,-5701776.0,649556.0
Ready or Not,en,2019,8,88,Comedy,4.7,6000000.0,56785851.0,50785851.0,14196462.75
47 Meters Down: Uncaged,en,2019,8,90,"Adventure,Drama,Horror",5.0,12000000.0,47582563.0,35582563.0,11895640.75
Scary Stories to Tell in the Dark,en,2019,8,108,"Adventure,Horror,Mystery",6.2,28000000.0,104793708.0,76793708.0,26198427.0
Black Mass,en,2019,8,123,"Biography,Crime,Drama",6.8,53000000.0,98837872.0,45837872.0,24709468.0
Final Destination,en,2019,7,98,"Horror,Thriller",6.7,23000000.0,112036870.0,89036870.0,28009217.5
The Quiet,en,2019,7,96,"Crime,Drama,Thriller",6.1,900000.0,381420.0,-518580.0,95355.0
Spiral,en,2019,7,90,Drama,4.5,20000000.0,39519588.0,19519588.0,9879897.0
Crawl,en,2019,7,80,"Crime,Thriller",4.6,17000000.0,91720490.0,74720490.0,22930122.5
Midsommar,en,2019,7,148,"Drama,Horror,Mystery",7.1,9000000.0,46721621.0,37721621.0,11680405.25
Annabelle Comes Home,en,2019,6,106,"Horror,Mystery,Thriller",5.9,27000000.0,230779191.0,203779191.0,57694797.75
Tooth Fairy,en,2019,4,101,"Comedy,Family,Fantasy",5.0,48000000.0,112610386.0,64610386.0,28152596.5
The Mask,en,2019,4,50,"Comedy,Drama",6.2,18000000.0,351620129.0,333620129.0,87905032.25
The Curse of La Llorona,en,2019,4,93,"Horror,Mystery,Thriller",5.3,9000000.0,123133739.0,114133739.0,30783434.75
Pet Sematary,en,2019,4,103,"Fantasy,Horror,Thriller",6.5,21000000.0,111809732.0,90809732.0,27952433.0
Darkness,es,2019,3,88,Horror,5.4,10600000.0,34409206.0,23809206.0,8602301.5
Abduction,en,2019,3,95,"Crime,Drama,Thriller",4.9,35000000.0,86648359.0,51648359.0,21662089.75
Armageddon,de,2019,3,\N,"Action,Sci-Fi",6.8,140000000.0,554600000.0,414600000.0,138650000.0
Us,en,2019,3,99,"Drama,Mystery",5.0,20000000.0,255620999.0,235620999.0,63905249.75
Control,en,2019,3,107,"Drama,Thriller",5.9,6400000.0,8902141.0,2502141.0,2225535.25
Beowulf,en,2019,2,95,"Action,Adventure,Fantasy",4.1,150000000.0,195080579.0,45080579.0,48770144.75
My Bloody Valentine,en,2019,2,90,"Horror,Mystery,Thriller",6.2,14000000.0,102836002.0,88836002.0,25709000.5
Happy Death Day 2U,en,2019,2,100,"Comedy,Horror,Mystery",6.2,9000000.0,64686515.0,55686515.0,16171628.75
Driven,en,2019,2,103,Drama,6.0,72000000.0,54616869.0,-17383131.0,13654217.25
The Prodigy,en,2019,2,120,"Crime,Drama,Thriller",5.3,6000000.0,22413145.0,16413145.0,5603286.25
Water,en,2019,2,115,"Adventure,Comedy,Drama",6.0,3000000.0,11322573.0,8322573.0,2830643.25
Braid,en,2019,1,82,"Crime,Horror,Mystery",5.3,1660000.0,80745.0,-1579255.0,20186.25
Nerve,pt,2019,1,83,"Comedy,Drama",6.8,20000000.0,85583945.0,65583945.0,21395986.25
Escape Room,en,2019,1,81,"Horror,Thriller",4.2,9000000.0,155615727.0,146615727.0,38903931.75
Road Trip,en,2019,1,93,Comedy,6.5,16000000.0,119739110.0,103739110.0,29934777.5
The Possession of Hannah Grace,en,2018,11,86,"Horror,Mystery,Thriller",5.2,6000000.0,42873730.0,36873730.0,8574746.0
Shutter,en,2018,11,97,"Horror,Mystery,Thriller",7.0,8000000.0,47782426.0,39782426.0,9556485.2
Overlord,en,2018,11,83,"Drama,History,War",7.1,38000000.0,39178189.0,1178189.0,7835637.8
Wild,en,2018,10,107,"Adventure,Comedy",4.8,15000000.0,52460543.0,37460543.0,10492108.6
Date Night,en,2018,10,88,"Comedy,Crime,Romance",6.3,55000000.0,152269033.0,97269033.0,30453806.6
The Darkest Hour,hu,2018,10,50,Drama,6.1,34800000.0,64626786.0,29826786.0,12925357.2
Halloween,en,2018,10,91,"Horror,Thriller",7.7,15000000.0,77514401.0,62514401.0,15502880.2
Goosebumps 2: Haunted Halloween,en,2018,10,90,"Adventure,Comedy,Fantasy",5.6,35000000.0,93006429.0,58006429.0,18601285.8
Suspiria,en,2018,10,92,Horror,7.3,20000000.0,8075343.0,-11924657.0,1615068.6
Afraid,en,2018,10,84,"Horror,Mystery,Sci-Fi",5.1,12000000.0,9026137.0,-2973863.0,1805227.4
Hell Fest,en,2018,9,89,"Horror,Mystery,Thriller",5.5,5500000.0,18294883.0,12794883.0,3658976.6
Assassination Nation,en,2018,9,108,"Action,Comedy,Crime",6.0,7000000.0,2852759.0,-4147241.0,570551.8
Mandy,en,2018,9,113,"Drama,Thriller",4.8,6000000.0,1480281.0,-4519719.0,296056.2
The Nun,en,2018,9,140,Drama,7.5,22000000.0,362900037.0,340900037.0,72580007.4
Mirror Mirror,pt,2018,9,104,"Horror,Thriller",5.5,85000000.0,173613482.0,88613482.0,34722696.4
The Raven,en,2018,9,57,"Biography,Drama",5.3,26000000.0,30601801.0,4601801.0,6120360.2
Salt,en,2018,8,78,\N,6.3,130000000.0,290650494.0,160650494.0,58130098.8
Frenzy,en,2018,8,72,"Horror,Thriller",6.2,3500000.0,12600000.0,9100000.0,2520000.0
Slender Man,en,2018,8,93,"Horror,Mystery,Thriller",3.3,10000000.0,51945949.0,41945949.0,10389189.8
The Meg,en,2018,8,113,"Action,Horror,Sci-Fi",5.7,178000000.0,527267828.0,349267828.0,105453565.6
Down a Dark Hall,en,2018,8,96,"Drama,Fantasy,Horror",5.1,4000000.0,2842176.0,-1157824.0,568435.2
Lovesick,en,2018,8,95,"Comedy,Fantasy,Romance",5.2,10100000.0,10143618.0,43618.0,2028723.6
The Forgotten,en,2018,7,105,Drama,7.5,50000000.0,117211892.0,67211892.0,23442378.4
Unfriended: Dark Web,en,2018,7,92,"Horror,Mystery,Thriller",6.0,1000000.0,16434588.0,15434588.0,3286917.6
Sabrina,id,2018,7,113,"Comedy,Drama,Romance",7.6,58000000.0,87100000.0,29100000.0,17420000.0
The Night Before,ko,2018,7,90,Comedy,6.1,25000000.0,52568099.0,27568099.0,10513619.8
The First Purge,en,2018,7,97,"Action,Horror,Sci-Fi",5.2,13000000.0,137054597.0,124054597.0,27410919.4
Hereditary,en,2018,6,127,"Drama,Horror,Mystery",7.3,10000000.0,80942650.0,70942650.0,16188530.0
The Visit,zh,2018,6,86,"Comedy,Romance",7.4,5000000.0,98677816.0,93677816.0,19735563.2
Traffik,en,2018,4,96,"Action,Thriller",5.9,4000000.0,9561231.0,5561231.0,1912246.2
Truth or Dare,en,2018,4,77,"Drama,Family",5.2,3500000.0,95292744.0,91792744.0,19058548.8
Babe,en,2018,4,80,"Adult,Romance",6.1,30000000.0,246100000.0,216100000.0,49220000.0
A Quiet Place,en,2018,4,80,Documentary,7.1,17000000.0,334876670.0,317876670.0,66975334.0
The Strangers: Prey at Night,en,2018,3,85,Horror,5.3,5000000.0,32144262.0,27144262.0,6428852.4
Annihilation,en,2018,2,115,"Adventure,Drama,Horror",6.8,55000000.0,43070915.0,-11929085.0,8614183.0
Unsane,en,2018,2,98,"Drama,Horror,Mystery",6.4,1500000.0,14296709.0,12796709.0,2859341.8
Winchester,en,2018,2,99,"Biography,Fantasy,Horror",5.4,3500000.0,45960255.0,42460255.0,9192051.0
Insidious: The Last Key,en,2018,1,103,"Horror,Mystery,Thriller",5.7,10000000.0,172811971.0,162811971.0,34562394.2
The Proposal,en,2018,1,91,"Drama,Thriller",5.3,40000000.0,314709717.0,274709717.0,62941943.4
Let Me In,en,2017,12,116,"Drama,Fantasy,Horror",7.1,20000000.0,28270399.0,8270399.0,4711733.166666667
The Book of Life,en,2017,12,63,"Comedy,Fantasy",6.5,50000000.0,97651543.0,47651543.0,16275257.166666666
Corpus Christi,es,2017,12,\N,"Action,Drama",2.8,1300000.0,10951283.0,9651283.0,1825213.8333333333
Immortals,fr,2017,12,110,"Action,Drama,Fantasy",6.0,75000000.0,211562435.0,136562435.0,35260405.833333336
Tarnation,en,2017,11,88,"Biography,Documentary",7.1,400000.0,1162014.0,762014.0,193669.0
Jigsaw,en,2017,10,72,"Crime,Drama,Film-Noir",5.6,10000000.0,104223315.0,94223315.0,17370552.5
Beyond Skyline,en,2017,10,106,"Action,Adventure,Horror",5.3,20000000.0,1012368.0,-18987632.0,168728.0
Anna,en,2017,10,108,"Crime,Drama",7.1,30000000.0,32825217.0,2825217.0,5470869.5
Happy Death Day,en,2017,10,\N,Thriller,5.8,5000000.0,125010260.0,120010260.0,20835043.333333332
The Snowman,en,2017,10,\N,Documentary,6.9,35000000.0,43164679.0,8164679.0,7194113.166666667
Knock Knock,en,2017,10,92,Horror,3.1,2000000.0,6328516.0,4328516.0,1054752.6666666667
Red Eye,en,2017,10,85,Thriller,6.5,26000000.0,96666486.0,70666486.0,16111081.0
Emma,en,2017,9,72,Drama,6.9,5900000.0,37831658.0,31931658.0,6305276.333333333
Flatliners,en,2017,9,115,"Drama,Horror,Sci-Fi",6.6,26000000.0,61308153.0,35308153.0,10218025.5
Unhinged,en,2017,9,79,Horror,4.9,33000000.0,37339104.0,4339104.0,6223184.0
Ravenous,fr,2017,9,101,"Adventure,Drama,Horror",6.9,12000000.0,2062406.0,-9937594.0,343734.3333333333
mother!,en,2017,9,,,,30000000.0,44516999.0,14516999.0,7419499.833333333
The Promise,th,2017,9,97,"Drama,Romance",6.4,90000000.0,10551417.0,-79448583.0,1758569.5
It,en,2017,9,72,"Comedy,Romance",7.2,35000000.0,701012746.0,666012746.0,116835457.66666667
The Dress,en,2017,8,85,Drama,5.5,2650000.0,16556.0,-2633444.0,2759.3333333333335
Annabelle: Creation,en,2017,8,109,"Horror,Mystery,Thriller",6.5,15000000.0,305384865.0,290384865.0,50897477.5
Wish Upon,en,2017,7,90,"Drama,Fantasy,Horror",5.1,12000000.0,23477345.0,11477345.0,3912890.8333333335
It Comes at Night,en,2017,6,91,"Drama,Horror,Mystery",6.2,5000000.0,19720203.0,14720203.0,3286700.5
The Mummy,en,2017,6,73,"Fantasy,Horror",7.0,195000000.0,409953905.0,214953905.0,68325650.83333333
47 Meters Down,en,2017,5,89,"Horror,Mystery,Thriller",5.6,5300000.0,62633705.0,57333705.0,10438950.833333334
Adrift,pt,2017,5,108,Drama,6.9,35000000.0,57897191.0,22897191.0,9649531.833333334
Alien: Covenant,en,2017,5,122,"Horror,Sci-Fi,Thriller",6.4,97000000.0,238521247.0,141521247.0,39753541.166666664
Phoenix Forgotten,en,2017,4,87,"Horror,Mystery,Sci-Fi",5.4,2800000.0,3697729.0,897729.0,616288.1666666666
Berlin Syndrome,en,2017,4,116,"Drama,Horror,Mystery",6.3,5500000.0,788191.0,-4711809.0,131365.16666666666
Life,en,2017,3,152,Drama,8.0,75000000.0,73521587.0,-1478413.0,12253597.833333334
Animal Kingdom,en,2017,2,113,"Crime,Drama,Thriller",7.2,4200000.0,8078683.0,3878683.0,1346447.1666666667
Get Out,en,2017,2,104,"Horror,Mystery,Thriller",7.8,5000000.0,252297405.0,247297405.0,42049567.5
Vamps,ru,2017,2,92,"Comedy,Horror,Romance",5.3,16000000.0,94812.0,-15905188.0,15802.0
The Covenant,en,2017,2,97,"Adventure,Fantasy,Horror",5.2,20000000.0,38164784.0,18164784.0,6360797.333333333
November,et,2017,2,90,Horror,7.2,250000.0,191862.0,-58138.0,31977.0
The Tunnel,en,2017,1,72,"Drama,Sci-Fi",6.2,135000.0,1348.0,-133652.0,224.66666666666666
The Bye Bye Man,en,2017,1,96,"Drama,Fantasy,Horror",4.3,7400000.0,31187727.0,23787727.0,5197954.5
Resident Evil: The Final Chapter,en,2016,12,107,"Action,Horror,Sci-Fi",5.5,40000000.0,314101190.0,274101190.0,44871598.571428575
The Eyes of My Mother,en,2016,12,76,"Drama,Horror,Thriller",6.2,300000.0,48539.0,-251461.0,6934.142857142857
Incarnate,en,2016,12,87,"Horror,Thriller",5.3,5000000.0,9371036.0,4371036.0,1338719.4285714286
Derailed,en,2016,12,102,"Crime,Drama",6.3,22000000.0,57520063.0,35520063.0,8217151.857142857
Max,en,2016,11,94,Family,5.7,20000000.0,43658157.0,23658157.0,6236879.571428572
Underworld: Blood Wars,en,2016,11,91,"Action,Fantasy,Thriller",5.8,35000000.0,81209222.0,46209222.0,11601317.42857143
Split,en,2016,11,85,"Comedy,Drama,Mystery",5.5,9000000.0,278754594.0,269754594.0,39822084.85714286
Heavy Metal,en,2016,11,86,"Adventure,Animation,Fantasy",6.6,9300000.0,19571091.0,10271091.0,2795870.1428571427
Ouija: Origin of Evil,en,2016,10,99,"Drama,Horror,Mystery",6.2,9000000.0,81831866.0,72831866.0,11690266.57142857
Terrifier,en,2016,10,85,"Horror,Thriller",5.6,35000.0,342749.0,307749.0,48964.142857142855
Hybrid,en,2016,10,92,"Biography,Documentary",7.5,200000.0,162605.0,-37395.0,23229.285714285714
The Watcher,en,2016,10,\N,\N,8.1,33000000.0,47267829.0,14267829.0,6752547.0
Blair Witch,en,2016,9,89,"Horror,Mystery,Thriller",5.0,10000000.0,38985577.0,28985577.0,5569368.142857143
When the Bough Breaks,en,2016,9,78,Drama,6.6,10000000.0,30768449.0,20768449.0,4395492.714285715
The Disappointments Room,en,2016,9,91,"Drama,Horror,Thriller",3.9,15000000.0,3503761.0,-11496239.0,500537.28571428574
Morgan,en,2016,9,89,"Drama,Romance,Sport",6.7,8000000.0,7298786.0,-701214.0,1042683.7142857143
Brother,ja,2016,8,98,Drama,6.9,12000000.0,477693.0,-11522307.0,68241.85714285714
Blood Feast,en,2016,8,67,Horror,5.0,1200000.0,8708.0,-1191292.0,1244.0
Lights Out,en,2016,7,70,"Crime,Drama",6.0,5000000.0,148806510.0,143806510.0,21258072.85714286
Simon,en,2016,7,101,"Comedy,Sci-Fi",6.3,1300000.0,1738663.0,438663.0,248380.42857142858
Silence,xx,2016,7,62,"Crime,Drama,Romance",6.4,46500000.0,23726626.0,-22773374.0,3389518.0
Yoga Hosers,en,2016,7,88,"Action,Comedy,Horror",4.3,5000000.0,38767.0,-4961233.0,5538.142857142857
The Purge: Election Year,en,2016,6,108,"Action,Horror,Sci-Fi",6.0,10000000.0,118514727.0,108514727.0,16930675.285714287
The Neon Demon,en,2016,6,117,"Horror,Thriller",6.1,7500000.0,3559803.0,-3940197.0,508543.28571428574
Kiss of Death,pt,2016,6,65,"Comedy,Crime,Drama",6.1,40000000.0,14942422.0,-25057578.0,2134631.714285714
Fright Night,zh,2016,6,106,Horror,7.1,30000000.0,40520649.0,10520649.0,5788664.142857143
Frankenstein,en,2016,5,70,"Drama,Horror,Sci-Fi",7.8,45000000.0,112006296.0,67006296.0,16000899.42857143
Restoration,en,2016,5,117,"Biography,Drama,History",6.6,18000000.0,4100000.0,-13900000.0,585714.2857142857
Meet the Blacks,en,2016,4,94,"Comedy,Horror",4.8,900000.0,9097072.0,8197072.0,1299581.7142857143
The Belko Experiment,en,2016,3,89,"Horror,Thriller",6.2,5000000.0,11792942.0,6792942.0,1684706.0
10 Cloverfield Lane,en,2016,3,103,"Drama,Horror,Mystery",7.2,15000000.0,108286422.0,93286422.0,15469488.857142856
The Forest,th,2016,3,85,"Horror,Thriller",3.9,10000000.0,40749230.0,30749230.0,5821318.571428572
The Other Side of the Door,en,2016,2,90,Drama,5.5,5000000.0,12905107.0,7905107.0,1843586.7142857143
Cabin Fever,en,2016,2,102,Drama,6.7,1500000.0,30351664.0,28851664.0,4335952.0
Pride and Prejudice and Zombies,en,2016,2,108,"Action,Comedy,Fantasy",5.8,28000000.0,16638300.0,-11361700.0,2376900.0
Conspiracy Theory,en,2016,1,135,"Action,Drama,Mystery",6.7,80000000.0,142783718.0,62783718.0,20397674.0
The Boy,en,2016,1,111,"Drama,Horror,Thriller",5.5,10000000.0,68220952.0,58220952.0,9745850.285714285
Friend Request,en,2016,1,87,Thriller,5.1,9900000.0,11310835.0,1410835.0,1615833.5714285714
Haunted Mansion,en,2015,12,90,Horror,4.9,157750000.0,114797989.0,-42952011.0,14349748.625
Troy,en,2015,12,163,"Adventure,Drama",7.3,150000000.0,483152040.0,333152040.0,60394005.0
Ghost Ship,th,2015,12,74,Horror,5.3,20000000.0,68349884.0,48349884.0,8543735.5
Krampus,en,2015,11,98,"Comedy,Fantasy,Horror",6.2,15000000.0,61788393.0,46788393.0,7723549.125
Last Christmas,no,2015,11,\N,Comedy,5.0,30000000.0,123429381.0,93429381.0,15428672.625
Playback,en,2015,11,92,"Drama,Thriller",4.2,1500000.0,54945.0,-1445055.0,6868.125
Margaret,en,2015,10,150,"Drama,Mystery",6.5,14000000.0,623292.0,-13376708.0,77911.5
Freaks of Nature,en,2015,10,92,"Comedy,Horror,Sci-Fi",5.9,33000000.0,70958.0,-32929042.0,8869.75
Scouts Guide to the Zombie Apocalypse,en,2015,10,93,"Action,Comedy,Horror",6.3,15000000.0,15554855.0,554855.0,1944356.875
Bone Tomahawk,en,2015,10,132,"Drama,Horror,Western",7.1,2000000.0,475846.0,-1524154.0,59480.75
Paranormal Activity: The Ghost Dimension,en,2015,10,88,"Horror,Mystery",4.6,10000000.0,77959374.0,67959374.0,9744921.75
Crimson Peak,en,2015,10,119,"Drama,Horror,Mystery",6.5,55000000.0,74966854.0,19966854.0,9370856.75
The Forsaken,en,2015,10,90,"Action,Fantasy,Horror",5.3,5000000.0,6755271.0,1755271.0,844408.875
Regression,en,2015,10,106,"Crime,Drama,Mystery",5.6,20000000.0,15824374.0,-4175626.0,1978046.75
Green Room,en,2015,9,95,"Crime,Horror,Music",7.0,5000000.0,3807503.0,-1192497.0,475937.875
Evolution,fr,2015,9,101,"Comedy,Sci-Fi",6.1,80000000.0,98341932.0,18341932.0,12292741.5
Deathgasm,en,2015,8,86,"Action,Comedy,Horror",6.3,200000.0,14685.0,-185315.0,1835.625
Unsullied,en,2015,8,93,"Action,Horror,Thriller",4.1,1500000.0,510957.0,-989043.0,63869.625
Sinister 2,en,2015,8,97,"Horror,Mystery,Thriller",5.3,10000000.0,54104225.0,44104225.0,6763028.125
Iris,en,2015,8,90,"Comedy,Drama,Mystery",6.4,5500000.0,5692941.0,192941.0,711617.625
Extinction,en,2015,8,80,Animation,6.6,20000000.0,2360000.0,-17640000.0,295000.0
Goosebumps,en,2015,8,103,"Adventure,Comedy,Fantasy",6.3,58000000.0,158952243.0,100952243.0,19869030.375
The Vatican Tapes,en,2015,7,91,"Horror,Thriller",4.7,13000000.0,14929184.0,1929184.0,1866148.0
The Messenger,en,2015,7,98,Drama,6.0,6500000.0,1744952.0,-4755048.0,218119.0
The Gallows,en,2015,7,81,"Horror,Mystery,Thriller",4.2,100000.0,41656474.0,41556474.0,5207059.25
Poltergeist,en,2015,5,114,"Horror,Thriller",7.3,35000000.0,95691732.0,60691732.0,11961466.5
Tarot,id,2015,5,120,"Comedy,Drama",6.5,8000000.0,49104745.0,41104745.0,6138093.125
Area 51,en,2015,5,91,"Horror,Mystery,Sci-Fi",4.3,5000000.0,7556.0,-4992444.0,944.5
Tag,ja,2015,5,91,Drama,4.1,28000000.0,77024944.0,49024944.0,9628118.0
Maggie,en,2015,5,86,\N,6.9,4500000.0,1027760.0,-3472240.0,128470.0
Awakenings,hi,2015,5,121,"Biography,Drama",7.8,29000000.0,51636504.0,22636504.0,6454563.0
Sleight,en,2015,4,80,Drama,8.0,250000.0,3934450.0,3684450.0,491806.25
The Outfit,en,2015,4,103,"Crime,Drama,Thriller",7.0,5000000.0,4389636.0,-610364.0,548704.5
Vampires,es,2015,4,108,"Action,Horror,Thriller",6.1,20000000.0,20268825.0,268825.0,2533603.125
The Walking Deceased,en,2015,3,88,"Comedy,Horror",3.6,2000000.0,43.0,-1999957.0,5.375
Nowhere to Run,zh,2015,3,86,"Drama,Thriller",4.8,15000000.0,52189039.0,37189039.0,6523629.875
Copycat,en,2015,3,123,"Drama,Mystery,Thriller",6.6,20000000.0,32051917.0,12051917.0,4006489.625
The Lazarus Effect,en,2015,1,83,"Horror,Mystery,Sci-Fi",5.2,5000000.0,38359310.0,33359310.0,4794913.75
Teeth,en,2015,1,60,Western,3.0,2000000.0,2350641.0,350641.0,293830.125
Alpha,el,2015,1,116,Crime,5.2,51000000.0,99624873.0,48624873.0,12453109.125
Exeter,en,2015,1,91,"Horror,Mystery,Thriller",4.5,25000.0,489792.0,464792.0,61224.0
The Border,en,2015,1,108,"Crime,Drama",6.4,13500000.0,6118683.0,-7381317.0,764835.375
Truth,en,2015,1,99,"Drama,Romance",5.8,9600000.0,6842580.0,-2757420.0,855322.5
Sleeper,en,2014,12,89,"Comedy,Sci-Fi",7.1,2000000.0,18344866.0,16344866.0,2038318.4444444445
Bodom,hu,2014,12,65,"Drama,Horror,Mystery",4.8,1250000.0,726460.0,-523540.0,80717.77777777778
Beautiful,en,2014,12,112,"Comedy,Drama",5.6,9000000.0,3134509.0,-5865491.0,348278.77777777775
Jessabelle,en,2014,11,90,"Drama,Horror,Mystery",5.4,10000000.0,6998359.0,-3001641.0,777595.4444444445
Grace,en,2014,10,89,Drama,7.7,5000000.0,8297.0,-4991703.0,921.8888888888889
Night of the Living Dead,en,2014,10,96,"Horror,Thriller",7.8,4200000.0,5835247.0,1635247.0,648360.7777777778
Unfriended,en,2014,10,83,"Horror,Mystery,Thriller",5.6,1000000.0,64364198.0,63364198.0,7151577.555555556
Reminiscence,en,2014,10,116,"Mystery,Romance,Sci-Fi",5.9,67972729.0,15449322.0,-52523407.0,1716591.3333333333
Girl,en,2014,10,99,"Comedy,Drama,Music",5.7,1750000.0,8719182.0,6969182.0,968798.0
Annabelle,en,2014,10,99,"Horror,Mystery,Thriller",5.4,6500000.0,256857527.0,250357527.0,28539725.222222224
Dracula Untold,en,2014,10,92,"Action,Drama,Fantasy",6.2,70000000.0,220241723.0,150241723.0,24471302.555555556
It Follows,en,2014,9,100,"Horror,Mystery,Thriller",6.8,2000000.0,23236296.0,21236296.0,2581810.6666666665
Tusk,en,2014,9,119,Drama,4.8,3000000.0,1887554.0,-1112446.0,209728.22222222222
Housebound,en,2014,9,89,Thriller,4.1,1500000.0,236863.0,-1263137.0,26318.11111111111
Out of the Dark,en,2014,8,89,"Crime,Horror,Thriller",5.4,1600000.0,419428.0,-1180572.0,46603.11111111111
Kingdom Come,en,2014,8,85,\N,8.2,7000000.0,23393939.0,16393939.0,2599326.5555555555
Life After Beth,en,2014,8,89,"Comedy,Fantasy,Horror",5.7,2400000.0,334491.0,-2065509.0,37165.666666666664
"As Above, So Below",en,2014,8,70,Documentary,6.9,5000000.0,41824066.0,36824066.0,4647118.444444444
The Possession of Michael King,en,2014,8,83,Horror,5.7,1300000.0,2736371.0,1436371.0,304041.22222222225
The Purge: Anarchy,en,2014,7,103,"Action,Horror,Sci-Fi",6.4,9000000.0,111534881.0,102534881.0,12392764.555555556
Deliver Us from Evil,en,2014,7,96,"Drama,History",6.4,30000000.0,87956618.0,57956618.0,9772957.555555556
Rebound,en,2014,6,89,Drama,5.6,45000000.0,17492014.0,-27507986.0,1943557.111111111
The Babadook,en,2014,5,94,"Drama,Horror,Mystery",6.8,2000000.0,7482387.0,5482387.0,831376.3333333334
13 Sins,en,2014,4,93,"Horror,Thriller",6.3,4000000.0,47552.0,-3952448.0,5283.555555555556
A Haunted House 2,en,2014,4,86,"Comedy,Fantasy,Horror",4.7,4000000.0,21206861.0,17206861.0,2356317.888888889
Afflicted,en,2014,4,85,"Horror,Mystery,Thriller",6.2,318000.0,175481.0,-142519.0,19497.88888888889
The Quiet Ones,en,2014,4,\N,"Drama,Horror,Thriller",5.4,200000.0,18413804.0,18213804.0,2045978.2222222222
Locker 13,en,2014,3,90,Thriller,4.8,300000.0,3496.0,-296504.0,388.44444444444446
"I, Frankenstein",en,2014,1,92,"Action,Fantasy,Sci-Fi",5.1,65000000.0,74575290.0,9575290.0,8286143.333333333
Devil's Due,en,2014,1,90,"Adult,Drama",4.4,7000000.0,36146087.0,29146087.0,4016231.888888889
Paranormal Activity: The Marked Ones,en,2014,1,84,"Horror,Mystery",5.0,5000000.0,90904854.0,85904854.0,10100539.333333334
Carrie,en,2013,10,118,"Drama,Romance",7.3,30000000.0,82409520.0,52409520.0,8240952.0
Escape from Tomorrow,en,2013,10,90,"Comedy,Drama,Fantasy",5.1,650000.0,171962.0,-478038.0,17196.2
The Green Inferno,en,2013,9,100,"Adventure,Horror",5.4,1000000.0,12931420.0,11931420.0,1293142.0
Oculus,en,2013,9,104,"Horror,Mystery,Thriller",6.5,5000000.0,44115496.0,39115496.0,4411549.6
Hostage,en,2013,9,95,"Action,Drama",4.8,75000000.0,77636443.0,2636443.0,7763644.3
Banshee Chapter,en,2013,8,87,"Horror,Mystery,Sci-Fi",5.4,950000.0,78122.0,-871878.0,7812.2
Daylight,en,2013,8,114,"Action,Adventure,Drama",5.9,80000000.0,158908290.0,78908290.0,15890829.0
The Last Days on Mars,en,2013,8,98,"Adventure,Horror,Sci-Fi",5.5,10600000.0,261364.0,-10338636.0,26136.4
The Heat,pl,2013,7,67,"Comedy,Drama,Romance",6.1,43000000.0,229727774.0,186727774.0,22972777.4
The Conjuring,en,2013,7,112,"Horror,Mystery,Thriller",7.5,20000000.0,316479150.0,296479150.0,31647915.0
World War Z,en,2013,6,116,"Action,Adventure,Horror",7.0,190000000.0,531861650.0,341861650.0,53186165.0
Trash,de,2013,6,110,Drama,6.1,12000000.0,6553186.0,-5446814.0,655318.6
The Purge,en,2013,5,57,Documentary,4.8,3000000.0,91266581.0,88266581.0,9126658.1
Safe,ko,2013,5,119,Drama,7.1,33000000.0,41495213.0,8495213.0,4149521.3
Stranded,en,2013,5,\N,"Drama,Romance",6.8,1900000.0,285593.0,-1614407.0,28559.3
Logan,en,2013,4,94,"Comedy,Drama,Family",5.9,127000000.0,614202315.0,487202315.0,61420231.5
Evil Dead,en,2013,4,91,Horror,6.5,17000000.0,99010045.0,82010045.0,9901004.5
Stoker,en,2013,2,99,"Drama,Thriller",6.7,12000000.0,12034913.0,34913.0,1203491.3
The Last Exorcism Part II,en,2013,2,88,"Horror,Thriller",4.0,4000000.0,25448707.0,21448707.0,2544870.7
Dark Skies,en,2013,2,97,"Horror,Sci-Fi,Thriller",6.3,3500000.0,27704111.0,24204111.0,2770411.1
White Noise,en,2013,2,101,"Drama,Horror,Mystery",5.5,10000000.0,92094360.0,82094360.0,9209436.0
Warm Bodies,en,2013,1,98,"Comedy,Horror,Romance",6.8,30000000.0,114834312.0,84834312.0,11483431.2
Mama,en,2013,1,90,Drama,6.9,15000000.0,148095566.0,133095566.0,14809556.6
A Haunted House,en,2013,1,86,"Comedy,Fantasy,Horror",5.0,2500000.0,59922558.0,57422558.0,5992255.8
Texas Chainsaw 3D,en,2013,1,,,,20000000.0,47666013.0,27666013.0,4766601.3
Maniac,en,2012,12,51,"Horror,Sci-Fi",3.7,350000.0,10000000.0,9650000.0,909090.9090909091
The Strangers,tl,2012,12,86,"Horror,Mystery,Thriller",6.1,9000000.0,83051676.0,74051676.0,7550152.363636363
Thanksgiving,en,2012,10,106,"Horror,Mystery,Thriller",6.2,15000000.0,46044880.0,31044880.0,4185898.1818181816
Paranormal Activity 4,en,2012,10,88,"Horror,Mystery",4.6,5000000.0,142817992.0,137817992.0,12983453.818181818
Silent Hill: Revelation 3D,en,2012,10,,,,20000000.0,55975672.0,35975672.0,5088697.454545454
Driving Lessons,en,2012,9,98,"Comedy,Drama",6.6,4700000.0,239962.0,-4460038.0,21814.727272727272
The Collection,en,2012,9,110,Drama,7.2,10000000.0,8890094.0,-1109906.0,808190.3636363636
House at the End of the Street,en,2012,9,101,"Drama,Horror,Mystery",5.5,6900000.0,44103982.0,37203982.0,4009452.909090909
Antiviral,en,2012,9,108,"Horror,Mystery,Sci-Fi",5.7,3100000.0,123407.0,-2976593.0,11218.818181818182
Resident Evil: Retribution,en,2012,9,95,"Action,Horror,Sci-Fi",5.3,65000000.0,240647629.0,175647629.0,21877057.181818184
The Lords of Salem,en,2012,9,101,"Horror,Thriller",5.2,1500000.0,1541131.0,41131.0,140102.81818181818
Bait,en,2012,9,73,"Crime,Drama",4.7,35000000.0,15471969.0,-19528031.0,1406542.6363636365
The Possession,en,2012,8,92,"Horror,Mystery,Thriller",5.9,14000000.0,82925064.0,68925064.0,7538642.181818182
Grabbers,en,2012,8,94,"Action,Adventure,Comedy",6.3,5300000.0,440821.0,-4859179.0,40074.63636363636
Boogeyman,en,2012,8,89,"Drama,Horror,Mystery",4.2,20000000.0,67192859.0,47192859.0,6108441.7272727275
Bewitched,pt,2012,7,65,"Crime,Drama,Film-Noir",5.6,80000000.0,131159306.0,51159306.0,11923573.272727273
Abraham Lincoln: Vampire Hunter,en,2012,6,105,"Action,Fantasy,Horror",5.9,67500000.0,137489730.0,69989730.0,12499066.363636363
Chernobyl Diaries,en,2012,5,86,"Horror,Mystery,Thriller",5.0,1000000.0,42411721.0,41411721.0,3855611.0
Stitches,en,2012,5,89,Comedy,4.2,2000000.0,63555.0,-1936445.0,5777.727272727273
Detention of the Dead,en,2012,4,87,"Action,Adventure,Comedy",4.5,500000.0,1778.0,-498222.0,161.63636363636363
Eddie: The Sleepwalking Cannibal,en,2012,4,90,"Comedy,Horror",5.7,1400000.0,1632.0,-1398368.0,148.36363636363637
The Cabin in the Woods,en,2012,4,95,"Horror,Mystery,Thriller",7.0,30000000.0,70683134.0,40683134.0,6425739.454545454
Sinister,en,2012,3,110,"Horror,Mystery,Thriller",6.8,3000000.0,87727807.0,84727807.0,7975255.181818182
The Woman in Black,en,2012,2,55,"Drama,Romance",5.7,15000000.0,128955898.0,113955898.0,11723263.454545455
Malevolence,en,2012,1,96,Drama,6.0,200000.0,346106.0,146106.0,31464.18181818182
Underworld: Awakening,en,2012,1,88,"Action,Fantasy,Thriller",6.3,70000000.0,160379930.0,90379930.0,14579993.636363637
The Divide,en,2012,1,99,"Comedy,Drama",6.6,3000000.0,156362.0,-2843638.0,14214.727272727272
The Devil Inside,en,2012,1,71,Crime,6.6,1000000.0,101759490.0,100759490.0,9250862.727272727
The Road,tl,2011,11,107,"Action,Drama,Romance",5.5,25000000.0,29206732.0,4206732.0,2433894.3333333335
Undead,en,2011,11,97,"Action,Comedy,Fantasy",5.4,750000.0,229250.0,-520750.0,19104.166666666668
The Little Mermaid,en,2011,10,74,"Adventure,Animation,Drama",7.3,250000000.0,569626289.0,319626289.0,47468857.416666664
Paranormal Activity 3,en,2011,10,83,"Horror,Mystery,Thriller",5.8,5000000.0,207039844.0,202039844.0,17253320.333333332
The Thing,en,2011,10,109,"Horror,Mystery,Sci-Fi",8.2,38000000.0,27573078.0,-10426922.0,2297756.5
Legend,es,2011,10,94,"Adventure,Fantasy,Romance",6.3,25000000.0,23506237.0,-1493763.0,1958853.0833333333
Take Shelter,en,2011,9,120,"Drama,Thriller",7.3,4750000.0,4972016.0,222016.0,414334.6666666667
You're Next,en,2011,9,95,"Drama,Horror,Mystery",6.6,1000000.0,26887177.0,25887177.0,2240598.0833333335
Killer Joe,en,2011,9,102,"Crime,Drama,Thriller",6.7,10000000.0,4659110.0,-5340890.0,388259.1666666667
Twixt,en,2011,9,88,"Comedy,Fantasy,Horror",4.8,7000000.0,1270342.0,-5729658.0,105861.83333333333
Grave Encounters,en,2011,9,92,"Horror,Mystery",6.1,120000.0,3613222.0,3493222.0,301101.8333333333
Shark Night 3D,en,2011,9,,,,25000000.0,18877153.0,-6122847.0,1573096.0833333333
Kill List,en,2011,9,95,"Crime,Drama,Horror",6.4,800000.0,462206.0,-337794.0,38517.166666666664
Red State,en,2011,8,88,"Action,Horror,Thriller",6.1,4000000.0,1983596.0,-2016404.0,165299.66666666666
The Innkeepers,en,2011,8,101,"Drama,Horror,Mystery",5.5,750000.0,1011535.0,261535.0,84294.58333333333
The Awakening,en,2011,8,90,"Drama,Romance,War",5.3,4900000.0,6924321.0,2024321.0,577026.75
Final Destination 5,en,2011,8,92,"Horror,Thriller",5.9,40000000.0,155011165.0,115011165.0,12917597.083333334
Twisted,cn,2011,7,85,"Horror,Thriller",4.7,50000000.0,40119848.0,-9880152.0,3343320.6666666665
Apollo 18,en,2011,7,86,"Horror,Mystery,Sci-Fi",5.2,5000000.0,26517819.0,21517819.0,2209818.25
Lock Up,en,2011,6,100,Drama,6.0,24000000.0,22099847.0,-1900153.0,1841653.9166666667
Father's Day,en,2011,6,96,"Comedy,Romance",6.0,85000000.0,35681080.0,-49318920.0,2973423.3333333335
Moby Dick,ko,2011,6,80,"Adventure,Drama",5.7,4500000.0,10411891.0,5911891.0,867657.5833333334
Priest,en,2011,5,98,"Drama,Romance",7.1,60000000.0,84154026.0,24154026.0,7012835.5
Red River,en,2011,5,133,"Drama,Western",7.8,3000000.0,9012000.0,6012000.0,751000.0
Avatar,ja,2011,4,\N,Drama,6.3,237000000.0,2923706026.0,2686706026.0,243642168.83333334
Scream 4,en,2011,4,111,"Horror,Mystery",6.2,40000000.0,95989590.0,55989590.0,7999132.5
Raymond Did It,en,2011,3,83,Horror,3.2,40000.0,3632.0,-36368.0,302.6666666666667
Dylan Dog: Dead of Night,en,2011,3,107,"Action,Comedy,Crime",5.1,20000000.0,6093725.0,-13906275.0,507810.4166666667
Red Riding Hood,en,2011,3,81,"Adventure,Family,Fantasy",5.5,42000000.0,91678442.0,49678442.0,7639870.166666667
Absentia,en,2011,3,87,"Drama,Horror,Mystery",5.8,70000.0,8555.0,-61445.0,712.9166666666666
The Roommate,en,2011,2,91,"Drama,Horror,Thriller",4.8,16000000.0,52545707.0,36545707.0,4378808.916666667
The Rite,en,2011,1,114,"Drama,Horror,Mystery",6.0,37000000.0,97143987.0,60143987.0,8095332.25
Silent House,en,2011,1,86,"Horror,Thriller",5.2,2000000.0,16610760.0,14610760.0,1384230.0
Burn,en,2011,1,97,Drama,6.1,225000.0,1109276.0,884276.0,92439.66666666667
Elf,en,2011,1,97,"Adventure,Comedy,Family",7.1,32000000.0,227909435.0,195909435.0,18992452.916666668
Shine,en,2011,1,105,"Biography,Drama,Music",7.6,5500000.0,36675932.0,31175932.0,3056327.6666666665
Death Wish,en,2010,12,93,"Action,Crime,Drama",6.9,30000000.0,48575965.0,18575965.0,3736612.6923076925
Black Swan,en,2010,12,90,"Comedy,Drama",3.4,13000000.0,331266710.0,318266710.0,25482054.615384616
Beyond the Black Rainbow,en,2010,12,110,"Horror,Mystery,Sci-Fi",5.9,1100000.0,56491.0,-1043509.0,4345.461538461538
Hero,ko,2010,11,92,"Adventure,Drama,Fantasy",5.7,42000000.0,66787173.0,24787173.0,5137474.846153846
Rubber,en,2010,11,106,Drama,5.6,500000.0,680914.0,180914.0,52378.0
Don't Be Afraid of the Dark,en,2010,11,99,"Fantasy,Horror,Thriller",5.5,25000000.0,39126427.0,14126427.0,3009725.153846154
Saw 3D,en,2010,10,90,"Horror,Mystery",5.5,17000000.0,133735284.0,116735284.0,10287329.538461538
Paranormal Activity 2,en,2010,10,91,"Horror,Mystery",5.7,3000000.0,177512032.0,174512032.0,13654771.692307692
My Soul to Take,en,2010,10,107,"Horror,Mystery,Thriller",4.7,25000000.0,16727470.0,-8272530.0,1286728.4615384615
Chain Letter,en,2010,10,55,Adult,6.6,3000000.0,1022453.0,-1977547.0,78650.23076923077
Stake Land,en,2010,9,98,"Drama,Horror,Sci-Fi",6.4,4000000.0,679482.0,-3320518.0,52267.846153846156
Devil,en,2010,9,80,"Horror,Mystery,Thriller",6.3,10000000.0,63354114.0,53354114.0,4873393.384615385
Insidious,en,2010,9,96,"Drama,Mystery,Romance",6.1,1500000.0,99870886.0,98370886.0,7682375.846153846
Resident Evil: Afterlife,en,2010,9,96,"Action,Horror,Sci-Fi",5.8,57500000.0,295874190.0,238374190.0,22759553.076923076
The Last Exorcism,en,2010,8,87,"Horror,Mystery,Thriller",5.7,1800000.0,70165900.0,68365900.0,5397376.923076923
Piranha 3D,en,2010,8,88,"Comedy,Horror",5.5,24000000.0,83660160.0,59660160.0,6435396.923076923
Nightmare Alley,en,2010,8,110,"Drama,Film-Noir",7.7,60000000.0,37537773.0,-22462227.0,2887521.0
Saving Grace,en,2010,7,112,"Comedy,Drama",7.0,4000000.0,27786849.0,23786849.0,2137449.923076923
I Spit on Your Grave,en,2010,6,110,"Crime,Drama,Romance",5.5,1750000.0,1278471.0,-471529.0,98343.92307692308
Pulse,en,2010,6,91,"Horror,Sci-Fi",5.5,20500000.0,30241435.0,9741435.0,2326264.230769231
The Reef,en,2010,5,77,"Adventure,Animation,Family",4.1,10000000.0,15037867.0,5037867.0,1156759.0
A Nightmare on Elm Street,en,2010,4,91,Horror,7.4,35000000.0,117729618.0,82729618.0,9056124.461538462
Trance,en,2010,3,86,"Action,Comedy,Horror",5.2,16000000.0,22594052.0,6594052.0,1738004.0
The Crazies,en,2010,2,103,"Action,Horror,Sci-Fi",6.1,19000000.0,56445534.0,37445534.0,4341964.153846154
The Wolfman,en,2010,2,103,"Drama,Fantasy,Horror",5.8,150000000.0,142634358.0,-7365642.0,10971873.692307692
Sherlock Holmes,en,2010,1,116,"Crime,Mystery",6.2,90000000.0,498438212.0,408438212.0,38341400.92307692
Legion,en,2010,1,100,"Action,Fantasy,Horror",5.3,26000000.0,67647574.0,41647574.0,5203659.538461538
Creed,en,2010,1,77,Horror,7.2,37000000.0,173567581.0,136567581.0,13351352.384615384
Nighthawks,nl,2009,12,113,Drama,6.2,5000000.0,19600000.0,14600000.0,1400000.0
After.Life,en,2009,11,104,"Drama,Mystery,Thriller",5.9,4500000.0,2481925.0,-2018075.0,177280.35714285713
The House of the Devil,en,2009,10,95,"Horror,Mystery",6.3,900000.0,102812.0,-797188.0,7343.714285714285
Ghost Town,en,2009,10,56,Western,6.0,20000000.0,29958228.0,9958228.0,2139873.4285714286
Forget Me Not,en,2009,10,70,Drama,5.3,1300000.0,13465.0,-1286535.0,961.7857142857143
Blood Ties,en,2009,10,93,Action,7.2,26000000.0,2923959.0,-23076041.0,208854.2142857143
Saw VI,en,2009,10,90,"Horror,Mystery,Thriller",6.0,11000000.0,69752402.0,58752402.0,4982314.428571428
The Stepfather,en,2009,10,89,"Horror,Thriller",6.7,20000000.0,29227561.0,9227561.0,2087682.9285714286
Zombieland,en,2009,10,88,"Action,Comedy,Horror",7.5,23600000.0,102236596.0,78636596.0,7302614.0
Splice,en,2009,10,104,"Horror,Sci-Fi",5.8,30000000.0,28542494.0,-1457506.0,2038749.5714285714
Jennifer's Body,en,2009,9,102,"Comedy,Horror",5.5,16000000.0,31943401.0,15943401.0,2281671.5
The Loved Ones,en,2009,9,84,"Crime,Horror",6.6,4000000.0,12302.0,-3987698.0,878.7142857142857
Sorority Row,en,2009,9,101,"Horror,Mystery",5.1,12500000.0,26735797.0,14235797.0,1909699.7857142857
Pandorum,en,2009,9,108,"Action,Horror,Mystery",6.7,40000000.0,17033431.0,-22966569.0,1216673.642857143
Halloween II,en,2009,8,92,Horror,6.5,2500000.0,25533818.0,23033818.0,1823844.142857143
The Final Destination,en,2009,8,82,"Horror,Thriller",5.1,40000000.0,187384627.0,147384627.0,13384616.214285715
The Revenant,en,2009,8,117,"Comedy,Fantasy,Horror",6.3,135000000.0,532938302.0,397938302.0,38067021.571428575
Case 39,en,2009,8,109,"Horror,Mystery,Thriller",6.2,27000000.0,28773827.0,1773827.0,2055273.357142857
Black Rain,en,2009,6,125,"Action,Crime,Drama",6.6,30000000.0,133892212.0,103892212.0,9563729.42857143
The Eclipse,en,2009,4,\N,\N,4.4,3000000.0,133411.0,-2866589.0,9529.357142857143
Dog,en,2009,4,90,Horror,4.7,15000000.0,84543632.0,69543632.0,6038830.857142857
Lesbian Vampire Killers,en,2009,3,,,,2000000.0,3620902.0,1620902.0,258635.85714285713
The Last House on the Left,en,2009,3,84,"Crime,Horror,Thriller",5.8,15000000.0,46526243.0,31526243.0,3323303.0714285714
Pontypool,en,2009,3,93,"Horror,Sci-Fi",6.5,1500000.0,31916.0,-1468084.0,2279.714285714286
Friday the 13th,en,2009,2,50,Drama,5.9,17000000.0,92670237.0,75670237.0,6619302.642857143
Blood Work,en,2009,2,110,"Action,Crime,Drama",6.4,50000000.0,26199517.0,-23800483.0,1871394.0714285714
Fury,en,2009,1,90,"Adventure,Drama",7.1,80000000.0,210315681.0,130315681.0,15022548.642857144
Cars 3,en,2009,1,102,"Adventure,Animation,Comedy",6.7,175000000.0,383541369.0,208541369.0,27395812.07142857
Uncharted,en,2009,1,79,Horror,2.1,120000000.0,400689914.0,280689914.0,28620708.14285714
The Haunting of Molly Hartley,en,2008,10,85,"Drama,Horror,Thriller",3.9,5000000.0,15318257.0,10318257.0,1021217.1333333333
Saw V,en,2008,10,92,"Horror,Thriller",5.8,10800000.0,118209778.0,107409778.0,7880651.866666666
Quarantine,en,2008,10,95,Sci-Fi,4.6,12000000.0,41924774.0,29924774.0,2794984.933333333
Eden Lake,en,2008,9,91,"Horror,Thriller",6.7,2000000.0,4294373.0,2294373.0,286291.5333333333
Mirrors,en,2008,8,88,"Horror,Thriller",4.4,35000000.0,77220596.0,42220596.0,5148039.733333333
Mutant Chronicles,en,2008,8,111,"Action,Adventure,Mystery",5.2,25000000.0,6820.0,-24993180.0,454.6666666666667
Repo! The Genetic Opera,en,2008,7,98,"Horror,Musical,Sci-Fi",6.4,8500000.0,198883.0,-8301117.0,13258.866666666667
Donkey Punch,en,2008,7,99,"Crime,Drama,Horror",5.2,750000.0,814801.0,64801.0,54320.066666666666
Pathology,en,2008,4,95,"Crime,Horror,Thriller",5.9,8000000.0,3270974.0,-4729026.0,218064.93333333332
Prom Night,en,2008,4,92,"Horror,Mystery,Thriller",5.3,18000000.0,57193655.0,39193655.0,3812910.3333333335
The Ruins,en,2008,4,90,"Adventure,Horror,Thriller",5.9,25000000.0,22910563.0,-2089437.0,1527370.8666666667
April Fool's Day,en,2008,3,89,"Horror,Mystery",6.1,5000000.0,12947763.0,7947763.0,863184.2
Funny Games,en,2008,3,108,"Crime,Drama,Thriller",7.5,15000000.0,8200127.0,-6799873.0,546675.1333333333
The Watch,en,2008,3,102,"Comedy,Sci-Fi",5.7,55000000.0,67130045.0,12130045.0,4475336.333333333
The Signal,en,2008,2,103,"Horror,Sci-Fi,Thriller",6.0,4000000.0,2665322.0,-1334678.0,177688.13333333333
Diary of the Dead,en,2008,2,93,"Drama,Thriller",6.5,2750000.0,5394447.0,2644447.0,359629.8
Surveillance,en,2008,2,100,"Comedy,Drama,Thriller",6.8,3500000.0,1396395.0,-2103605.0,93093.0
The Cottage,en,2008,2,92,"Comedy,Crime,Horror",6.1,5000000.0,1504960.0,-3495040.0,100330.66666666667
Baghead,en,2008,1,84,"Comedy,Drama,Horror",6.0,200000.0,140016.0,-59984.0,9334.4
One Missed Call,en,2008,1,112,"Horror,Mystery",6.2,20000000.0,44513466.0,24513466.0,2967564.4
Timber Falls,en,2007,12,100,"Horror,Thriller",5.2,2600000.0,71248.0,-2528752.0,4453.0
The Mist,en,2007,11,126,"Horror,Sci-Fi,Thriller",7.1,13000000.0,57189408.0,44189408.0,3574338.0
Rogue,en,2007,11,\N,"Action,Adventure,Drama",7.3,23000000.0,4673377.0,-18326623.0,292086.0625
Saw IV,en,2007,10,93,"Horror,Mystery,Thriller",5.9,10000000.0,135759694.0,125759694.0,8484980.875
30 Days of Night,en,2007,10,113,"Action,Horror,Thriller",6.6,30000000.0,80276156.0,50276156.0,5017259.75
Resident Evil: Extinction,en,2007,9,94,"Action,Horror,Sci-Fi",6.2,45000000.0,149871103.0,104871103.0,9366943.9375
The Sitter,en,2007,9,81,Comedy,5.6,25000000.0,38749404.0,13749404.0,2421837.75
Paranormal Activity,en,2007,9,86,"Horror,Mystery",6.3,450000.0,194183034.0,193733034.0,12136439.625
The Wall,id,2007,9,117,Drama,7.9,3000000.0,4495262.0,1495262.0,280953.875
The Gray Man,en,2007,8,87,"Action,Crime,Drama",7.9,200000000.0,451178.0,-199548822.0,28198.625
Lockout,en,2007,8,90,"Horror,Mystery,Thriller",3.9,20000000.0,33943049.0,13943049.0,2121440.5625
Nobody,en,2007,7,\N,"Action,Thriller",6.6,16000000.0,57512470.0,41512470.0,3594529.375
The Girl Next Door,en,2007,7,92,"Comedy,Musical",6.4,25000000.0,31635150.0,6635150.0,1977196.875
Hostel: Part II,en,2007,6,94,Horror,5.5,7500000.0,33606409.0,26106409.0,2100400.5625
28 Weeks Later,en,2007,4,100,"Horror,Sci-Fi",6.9,15000000.0,64232714.0,49232714.0,4014544.625
Sunshine,en,2007,4,181,"Drama,History,Romance",7.5,40000000.0,32030610.0,-7969390.0,2001913.125
The Reaping,en,2007,4,99,"Horror,Thriller",5.6,40000000.0,62226214.0,22226214.0,3889138.375
Dead Silence,en,2007,3,95,"Comedy,Crime,Mystery",6.2,20000000.0,20614661.0,614661.0,1288416.3125
Hobo with a Shotgun,en,2007,3,86,"Action,Comedy,Crime",6.1,3000000.0,834953.0,-2165047.0,52184.5625
Hannibal Rising,en,2007,2,121,"Adventure,Crime,Drama",6.1,50000000.0,80583311.0,30583311.0,5036456.9375
The Messengers,en,2007,2,90,"Drama,Horror,Mystery",5.3,16000000.0,53774833.0,37774833.0,3360927.0625
Blood and Chocolate,en,2007,1,98,"Drama,Fantasy,Horror",5.3,15000000.0,6551310.0,-8448690.0,409456.875
White Noise 2: The Light,en,2007,1,99,"Drama,Fantasy,Horror",5.7,10000000.0,8243567.0,-1756433.0,515222.9375
Q,ja,2007,1,91,Documentary,7.4,1200000.0,255000.0,-945000.0,15937.5
Poultrygeist: Night of the Chicken Dead,en,2006,12,103,"Comedy,Horror,Musical",6.0,450000.0,22623.0,-427377.0,1330.764705882353
Turistas,en,2006,12,93,"Horror,Mystery,Thriller",5.4,10000000.0,14321070.0,4321070.0,842415.8823529412
Thr3e,en,2006,12,101,"Horror,Mystery,Thriller",4.9,2400000.0,1420418.0,-979582.0,83554.0
Bug,en,2006,11,99,"Horror,Mystery,Sci-Fi",5.2,4000000.0,8302995.0,4302995.0,488411.4705882353
Saw III,en,2006,10,108,"Horror,Mystery,Thriller",6.2,10000000.0,163876815.0,153876815.0,9639812.647058824
Into the Woods,en,2006,10,125,"Adventure,Comedy,Drama",5.9,56200000.0,212416317.0,156216317.0,12495077.470588235
The Grudge 2,en,2006,10,102,"Horror,Thriller",5.0,20000000.0,70743839.0,50743839.0,4161402.294117647
The Texas Chainsaw Massacre: The Beginning,en,2006,10,91,Horror,5.8,16000000.0,50517763.0,34517763.0,2971633.117647059
Spectre,es,2006,9,148,"Action,Adventure,Thriller",6.8,245000000.0,879077344.0,634077344.0,51710432.0
Virus,sv,2006,9,108,"Adventure,Drama,Horror",6.2,75000000.0,30626690.0,-44373310.0,1801570.0
All the Boys Love Mandy Lane,en,2006,9,90,"Horror,Mystery,Thriller",5.5,750000.0,1960521.0,1210521.0,115324.76470588235
Fido,en,2006,9,93,"Comedy,Drama,Horror",6.7,8000000.0,456814.0,-7543186.0,26871.41176470588
Snakes on a Plane,en,2006,8,105,"Action,Adventure,Crime",5.5,33000000.0,62020814.0,29020814.0,3648283.1764705884
The Host,ko,2006,7,120,"Drama,Horror,Sci-Fi",7.1,50000000.0,64477051.0,14477051.0,3792767.705882353
The Omen,en,2006,6,111,"Horror,Mystery",7.5,25000000.0,119295584.0,94295584.0,7017387.294117647
See No Evil,en,2006,5,89,"Drama,Mystery,Thriller",6.6,8000000.0,18828036.0,10828036.0,1107531.5294117648
Severance,en,2006,5,95,"Drama,Thriller",5.4,10000000.0,5950002.0,-4049998.0,350000.1176470588
Hatchet,en,2006,4,93,"Comedy,Horror,Thriller",5.7,1500000.0,240396.0,-1259604.0,14140.941176470587
Silent Hill,en,2006,4,125,"Horror,Mystery",6.5,50000000.0,94704227.0,44704227.0,5570836.882352941
Slither,en,2006,3,97,"Comedy,Crime,Thriller",6.2,15250000.0,12930343.0,-2319657.0,760608.4117647059
Stay Alive,en,2006,3,85,"Fantasy,Horror,Mystery",5.0,20000000.0,27565514.0,7565514.0,1621500.8235294118
The Hills Have Eyes,en,2006,3,90,"Horror,Thriller",6.3,17000000.0,70355813.0,53355813.0,4138577.2352941176
The Night Listener,en,2006,2,91,"Crime,Drama,Horror",5.9,4000000.0,10770993.0,6770993.0,633587.8235294118
Final Destination 3,en,2006,2,93,"Horror,Thriller",5.8,25000000.0,112798051.0,87798051.0,6635179.470588235
When a Stranger Calls,en,2006,2,97,"Horror,Mystery,Thriller",6.4,15000000.0,67215435.0,52215435.0,3953849.117647059
Chain Reaction,en,2006,1,107,"Action,Drama,Sci-Fi",5.7,55000000.0,60209334.0,5209334.0,3541725.529411765
Hamlet,en,2005,11,\N,Drama,3.0,18000000.0,7129670.0,-10870330.0,396092.77777777775
Saw II,en,2005,10,93,"Horror,Mystery",6.6,5000000.0,152925093.0,147925093.0,8495838.5
BloodRayne,en,2005,10,95,"Action,Fantasy,Horror",3.0,25000000.0,3711633.0,-21288367.0,206201.83333333334
Doom,en,2005,10,105,"Action,Horror,Sci-Fi",5.2,70000000.0,58757178.0,-11242822.0,3264287.6666666665
The Fog,en,2005,10,70,Drama,7.3,18000000.0,37048526.0,19048526.0,2058251.4444444445
Feast,en,2005,10,87,"Comedy,Horror",5.2,3200000.0,690872.0,-2509128.0,38381.77777777778
Hostel,en,2005,9,94,Horror,5.9,4800000.0,82241110.0,77441110.0,4568950.555555556
Wolf Creek,en,2005,9,99,"Horror,Thriller",6.2,1100000.0,29005064.0,27905064.0,1611392.4444444445
Venom,en,2005,9,92,"Horror,Thriller",5.8,116000000.0,856081053.0,740081053.0,47560058.5
The Exorcism of Emily Rose,en,2005,9,119,"Drama,Horror,Thriller",6.7,18000000.0,144529078.0,126529078.0,8029393.222222222
The Cave,en,2005,8,90,"Crime,Mystery,Romance",6.7,30000000.0,27147991.0,-2852009.0,1508221.7222222222
The Skeleton Key,en,2005,7,104,"Drama,Horror,Mystery",6.5,40000000.0,92256918.0,52256918.0,5125384.333333333
The Descent,en,2005,7,99,"Adventure,Horror,Thriller",7.2,7000000.0,57051053.0,50051053.0,3169502.9444444445
An American Haunting,en,2005,5,83,"Drama,Horror,Mystery",5.0,14000000.0,30443277.0,16443277.0,1691293.1666666667
Dark Places,en,2005,5,91,"Horror,Romance,Thriller",5.8,11900000.0,5685597.0,-6214403.0,315866.5
House of Wax,en,2005,4,88,Horror,7.0,35000000.0,70064800.0,35064800.0,3892488.888888889
The Amityville Horror,en,2005,4,117,Horror,6.2,18500000.0,109175673.0,90675673.0,6065315.166666667
The Ring Two,en,2005,3,110,"Horror,Mystery",5.4,50000000.0,161941727.0,111941727.0,8996762.611111112
The Dark Hours,en,2005,3,80,"Horror,Thriller",6.0,400000.0,423.0,-399577.0,23.5
Constantine,en,2005,2,121,"Action,Fantasy,Horror",7.0,75000000.0,221593554.0,146593554.0,12310753.0
Incident at Loch Ness,en,2004,12,94,"Adventure,Comedy,Fantasy",6.4,1400000.0,56073.0,-1343927.0,2951.2105263157896
Blade: Trinity,en,2004,12,113,"Action,Horror,Sci-Fi",5.8,65000000.0,131353165.0,66353165.0,6913324.47368421
Seed of Chucky,en,2004,11,87,"Comedy,Horror,Thriller",4.9,29000000.0,24716190.0,-4283810.0,1300852.105263158
Melancholia,ja,2004,10,87,"Crime,Drama,Thriller",5.8,9400000.0,21788107.0,12388107.0,1146742.4736842106
Saw,en,2004,10,103,"Horror,Mystery,Thriller",7.6,1200000.0,103880027.0,102680027.0,5467369.842105263
Resident Evil: Apocalypse,en,2004,9,94,"Action,Horror,Sci-Fi",6.1,50000000.0,125168734.0,75168734.0,6587828.105263158
Anacondas: The Hunt for the Blood Orchid,en,2004,8,97,"Action,Adventure,Horror",4.7,25000000.0,70326393.0,45326393.0,3701389.1052631577
Monsters,en,2004,8,\N,\N,4.3,500000.0,5639730.0,5139730.0,296827.8947368421
Exorcist: The Beginning,en,2004,8,114,"Horror,Mystery,Thriller",5.1,78000000.0,43957541.0,-34042459.0,2313554.789473684
Open Water,en,2004,8,79,"Adventure,Drama,Horror",5.8,500000.0,55518641.0,55018641.0,2922033.736842105
The Stepford Wives,en,2004,6,115,"Horror,Mystery,Sci-Fi",6.9,100000000.0,96150482.0,-3849518.0,5060551.684210527
Van Helsing,en,2004,5,131,"Action,Adventure,Fantasy",6.1,170000000.0,300150546.0,130150546.0,15797397.157894736
Godsend,en,2004,4,102,"Action,Drama,Fantasy",4.8,30000000.0,16873925.0,-13126075.0,888101.3157894737
Shaun of the Dead,en,2004,4,99,"Comedy,Horror",7.9,5000000.0,29782479.0,24782479.0,1567498.894736842
Dawn of the Dead,en,2004,3,127,"Horror,Thriller",7.8,28000000.0,103452875.0,75452875.0,5444888.157894737
Decoys,en,2004,2,95,"Horror,Sci-Fi",4.7,5000000.0,96760.0,-4903240.0,5092.631578947368
Club Dread,en,2004,2,104,"Comedy,Horror,Mystery",5.7,8500000.0,7573551.0,-926449.0,398607.94736842107
Premonition,ja,2004,1,83,"Horror,Mystery",4.6,20000000.0,84146832.0,64146832.0,4428780.631578947
Sky High,ja,2003,12,58,"Action,Drama,Romance",6.0,35000000.0,83109359.0,48109359.0,4155467.95
Gothika,en,2003,11,98,"Horror,Mystery,Thriller",5.8,40000000.0,141484812.0,101484812.0,7074240.6
The Ghouls,en,2003,11,81,Horror,3.8,37000000.0,259425249.0,222425249.0,12971262.45
The Order,en,2003,9,89,"Action,Adventure,Comedy",4.6,35000000.0,11559747.0,-23440253.0,577987.35
Freddy vs. Jason,en,2003,8,97,"Action,Horror",5.7,25000000.0,114576403.0,89576403.0,5728820.15
Jeepers Creepers 2,en,2003,8,104,Horror,5.7,25000000.0,119923801.0,94923801.0,5996190.05
Lost Souls,en,2003,6,84,Drama,5.9,28000000.0,31320293.0,3320293.0,1566014.65
High Tension,fr,2003,6,63,"Action,Comedy,Drama",5.6,2850000.0,6435262.0,3585262.0,321763.1
May,en,2003,6,93,"Drama,Horror",6.6,1750000.0,634803.0,-1115197.0,31740.15
The Texas Chainsaw Massacre,en,2003,5,98,Horror,6.2,9000000.0,107967319.0,98967319.0,5398365.95
House of the Dead,en,2003,4,90,"Action,Adventure,Horror",2.1,7000000.0,13860078.0,6860078.0,693003.9
Willard,en,2003,3,95,Horror,6.2,20000000.0,6882696.0,-13117304.0,344134.8
Final Destination 2,en,2003,1,90,"Horror,Thriller",6.2,26000000.0,90396664.0,64396664.0,4519833.2
Darkness Falls,en,2003,1,90,"Drama,Thriller",5.5,7000000.0,47289758.0,40289758.0,2364487.9
Grindhouse,en,2003,1,106,Horror,4.4,53000000.0,50187789.0,-2812211.0,2509389.45
They,en,2002,11,60,Documentary,5.8,17000000.0,16140842.0,-859158.0,768611.5238095238
The Ring,en,2002,10,89,"Drama,Romance,Sport",6.1,48000000.0,248218486.0,200218486.0,11819927.904761905
Red Dragon,en,2002,10,115,Crime,4.5,78000000.0,206455420.0,128455420.0,9831210.476190476
Nine Lives,en,2002,8,96,"Action,Adventure,Biography",7.2,30000000.0,57814445.0,27814445.0,2753068.8095238097
One Hour Photo,en,2002,8,96,"Drama,Thriller",6.8,12000000.0,52223306.0,40223306.0,2486824.095238095
FearDotCom,en,2002,8,,,,40000000.0,13289290.0,-26710710.0,632823.3333333334
Eight Legged Freaks,en,2002,7,99,"Action,Adventure,Comedy",5.5,30000000.0,36722311.0,6722311.0,1748681.4761904762
Halloween: Resurrection,en,2002,7,90,"Horror,Thriller",3.9,15000000.0,37659652.0,22659652.0,1793316.761904762
Resident Evil,en,2002,3,100,"Action,Horror,Sci-Fi",6.6,35000000.0,103787401.0,68787401.0,4942257.19047619
Dracula: Pages from a Virgin's Diary,en,2002,2,73,"Drama,Horror,Musical",6.8,1100000.0,81371.0,-1018629.0,3874.809523809524
Queen of the Damned,en,2002,2,101,"Drama,Fantasy,Horror",5.3,35000000.0,30307804.0,-4692196.0,1443228.761904762
The Mothman Prophecies,en,2002,1,119,"Drama,Horror,Mystery",6.4,42000000.0,56438555.0,14438555.0,2687550.238095238
Fabled,en,2002,1,84,"Drama,Horror,Mystery",5.0,400000.0,31425.0,-368575.0,1496.4285714285713
Bones,en,2001,10,97,"Crime,Drama",6.0,10000000.0,8378853.0,-1621147.0,380856.95454545453
The Lost Skeleton of Cadavra,en,2001,9,90,"Comedy,Horror,Sci-Fi",6.8,100000.0,110536.0,10536.0,5024.363636363636
Soul Survivors,en,2001,9,84,"Horror,Mystery,Thriller",3.9,14000000.0,4288246.0,-9711754.0,194920.27272727274
Session 9,en,2001,8,97,"Drama,Horror,Mystery",6.4,1500000.0,1703434.0,203434.0,77428.81818181818
The Others,en,2001,8,127,Drama,6.6,17000000.0,207788211.0,190788211.0,9444918.681818182
Jason X,en,2001,7,92,"Action,Horror,Sci-Fi",4.5,14000000.0,16951798.0,2951798.0,770536.2727272727
Jeepers Creepers,en,2001,7,69,"Comedy,Western",6.0,10000000.0,58939035.0,48939035.0,2679047.0454545454
The Hole,en,2001,4,103,"Comedy,Mystery",7.1,7500000.0,10834406.0,3334406.0,492473.0
From Hell,en,2001,2,122,"Horror,Mystery,Thriller",6.7,35000000.0,68712365.0,33712365.0,3123289.3181818184
Valentine,en,2001,2,96,"Horror,Mystery,Thriller",4.9,10000000.0,20384136.0,10384136.0,926551.6363636364
Sleepless,it,2001,1,117,"Horror,Mystery,Thriller",6.2,30000000.0,33296659.0,3296659.0,1513484.5
Dracula 2000,en,2000,12,99,"Action,Fantasy,Horror",4.9,28000000.0,33000377.0,5000377.0,1434799.0
Little Nicky,en,2000,11,90,"Comedy,Fantasy",5.3,80000000.0,58270391.0,-21729609.0,2533495.2608695654
Book of Shadows: Blair Witch 2,en,2000,10,90,"Adventure,Fantasy,Horror",4.0,15000000.0,47721314.0,32721314.0,2074839.7391304348
Urban Legends: Final Cut,en,2000,9,97,"Horror,Mystery",4.4,15000000.0,38574362.0,23574362.0,1677146.1739130435
Bless the Child,en,2000,8,107,"Crime,Drama,Horror",5.1,40000000.0,40435694.0,435694.0,1758073.652173913
Psycho Beach Party,en,2000,8,95,"Comedy,Horror,Mystery",6.0,4000000.0,267972.0,-3732028.0,11650.95652173913
What Lies Beneath,en,2000,7,130,"Drama,Horror,Mystery",6.6,90000000.0,288693989.0,198693989.0,12551912.56521739
Shadow of the Vampire,en,2000,5,92,"Drama,Horror",6.9,8000000.0,8279017.0,279017.0,359957.26086956525
Believe,en,2000,3,96,"Family,Horror",5.1,3500000.0,890303.0,-2609697.0,38708.82608695652
Scream 3,en,2000,2,116,"Horror,Mystery",5.7,40000000.0,161838076.0,121838076.0,7036438.0869565215
Supernova,en,2000,1,80,"Comedy,Sci-Fi",2.1,60000000.0,14816494.0,-45183506.0,644195.3913043478
Deadfall,en,2000,1,120,"Crime,Drama,Thriller",5.7,6000000.0,1673635.0,-4326365.0,72766.73913043478
End of Days,en,1999,11,122,"Action,Fantasy,Horror",5.8,100000000.0,212026975.0,112026975.0,8834457.291666666
Sleepy Hollow,en,1999,11,105,"Fantasy,Horror,Mystery",7.3,70000000.0,207068340.0,137068340.0,8627847.5
House on Haunted Hill,en,1999,10,75,"Crime,Horror,Mystery",6.7,19000000.0,65090541.0,46090541.0,2712105.875
The Omega Code,en,1999,10,100,"Action,Adventure,Fantasy",3.5,7200000.0,12678312.0,5478312.0,528263.0
Stigmata,en,1999,9,103,"Horror,Mystery",6.2,32000000.0,89441732.0,57441732.0,3726738.8333333335
Stir of Echoes,en,1999,9,99,"Horror,Mystery,Thriller",6.9,12000000.0,23059379.0,11059379.0,960807.4583333334
The Ninth Gate,en,1999,8,133,"Mystery,Thriller",6.7,38000000.0,58394308.0,20394308.0,2433096.1666666665
Deep Blue Sea,en,1999,7,105,"Action,Adventure,Sci-Fi",5.9,60000000.0,165048228.0,105048228.0,6877009.5
Lake Placid,en,1999,7,82,"Action,Comedy,Horror",5.8,27000000.0,31770413.0,4770413.0,1323767.2083333333
The Blair Witch Project,en,1999,7,81,"Horror,Mystery",6.5,600000.0,248300000.0,247700000.0,10345833.333333334
Survivor,en,1999,5,86,"Action,Adventure,Drama",4.5,20000000.0,1703281.0,-18296719.0,70970.04166666667
Idle Hands,en,1999,4,60,Drama,6.5,15000000.0,4024147.0,-10975853.0,167672.79166666666
eXistenZ,en,1999,4,97,"Horror,Mystery,Sci-Fi",6.8,20700000.0,2840417.0,-17859583.0,118350.70833333333
The Rage: Carrie 2,en,1999,3,104,"Drama,Horror,Sci-Fi",4.8,21000000.0,17760244.0,-3239756.0,740010.1666666666
In Dreams,en,1999,1,100,"Drama,Fantasy,Horror",5.5,30000000.0,12017369.0,-17982631.0,500723.7083333333
The Faculty,en,1998,12,104,"Horror,Mystery,Sci-Fi",6.6,15000000.0,40283321.0,25283321.0,1611332.84
Psycho,en,1998,12,109,"Horror,Mystery,Thriller",8.5,20000000.0,37226218.0,17226218.0,1489048.72
The Phantom of the Opera,it,1998,11,93,Horror,7.5,55000000.0,153770052.0,98770052.0,6150802.08
I Still Know What You Did Last Summer,en,1998,11,100,"Horror,Mystery,Thriller",4.8,24000000.0,40020622.0,16020622.0,1600824.88
Bride of Chucky,en,1998,10,89,"Comedy,Horror,Thriller",5.6,25000000.0,50692188.0,25692188.0,2027687.52
Urban Legend,en,1998,9,99,"Horror,Mystery,Thriller",5.6,14000000.0,72571864.0,58571864.0,2902874.56
Blade,en,1998,8,90,"Horror,Mystery,Thriller",5.3,45000000.0,131237688.0,86237688.0,5249507.52
Disturbing Behavior,en,1998,7,84,"Horror,Mystery,Sci-Fi",5.6,15000000.0,19014238.0,4014238.0,760569.52
Midnight Sun,en,1998,5,78,Horror,5.0,2800000.0,26952508.0,24152508.0,1078100.32
Deep Rising,en,1998,1,106,"Action,Adventure,Horror",6.1,45000000.0,11203026.0,-33796974.0,448121.04
Dream House,en,1998,1,92,"Drama,Mystery,Thriller",6.0,50000000.0,41642166.0,-8357834.0,1665686.64
Cure,ja,1997,12,111,"Crime,Horror,Mystery",7.5,10000.0,317644.0,307644.0,12217.076923076924
Scream 2,en,1997,12,120,"Horror,Mystery",6.3,24000000.0,172363301.0,148363301.0,6629357.730769231
I Know What You Did Last Summer,en,1997,10,101,"Horror,Mystery",5.8,17000000.0,125250091.0,108250091.0,4817311.192307692
Event Horizon,en,1997,8,96,"Horror,Sci-Fi,Thriller",6.6,60000000.0,26673954.0,-33326046.0,1025921.3076923077
Spawn,en,1997,7,96,"Action,Crime,Drama",5.2,40000000.0,87949859.0,47949859.0,3382686.8846153845
Anaconda,en,1997,4,89,"Action,Adventure,Horror",4.9,45000000.0,136998907.0,91998907.0,5269188.730769231
Killers,en,1997,2,83,"Action,Horror,Thriller",2.3,75000000.0,95572749.0,20572749.0,3675874.9615384615
Bernie,fr,1996,11,87,"Comedy,Drama",7.1,6000000.0,10106975.0,4106975.0,374332.4074074074
Thinner,en,1996,10,93,"Fantasy,Horror",5.8,14000000.0,15171475.0,1171475.0,561906.4814814815
The Ghost and the Darkness,en,1996,10,110,"Adventure,Drama,Thriller",6.8,55000000.0,38564422.0,-16435578.0,1428311.9259259258
Reindeer Games,en,1996,6,104,"Action,Crime,Thriller",5.8,36000000.0,23360779.0,-12639221.0,865214.0370370371
The Craft,en,1996,5,101,"Drama,Fantasy,Horror",6.4,15000000.0,55669466.0,40669466.0,2061832.0740740742
Mary Reilly,en,1996,2,108,"Drama,Horror,Romance",5.8,47000000.0,12900000.0,-34100000.0,477777.77777777775
From Dusk Till Dawn,en,1996,1,108,"Action,Crime,Horror",7.2,20000000.0,25736162.0,5736162.0,953191.1851851852
Vampire in Brooklyn,en,1995,10,100,"Comedy,Fantasy,Horror",4.7,14000000.0,19637147.0,5637147.0,701326.6785714285
Halloween: The Curse of Michael Myers,en,1995,9,87,"Horror,Thriller",4.7,5000000.0,15126948.0,10126948.0,540248.1428571428
Species,en,1995,7,108,"Action,Horror,Sci-Fi",5.9,35000000.0,113354449.0,78354449.0,4048373.1785714286
Tales from the Hood,en,1995,5,98,"Crime,Drama,Horror",6.5,6000000.0,11784569.0,5784569.0,420877.46428571426
Tales from the Crypt: Demon Knight,en,1995,1,92,"Action,Fantasy,Horror",6.7,12000000.0,21089146.0,9089146.0,753183.7857142857
The Kingdom,da,1994,11,110,"Action,Drama,Thriller",7.0,72500000.0,86802457.0,14302457.0,2993188.172413793
The Paperboy,en,1994,11,94,"Horror,Thriller",5.1,12500000.0,4027663.0,-8472337.0,138884.93103448275
Interview with the Vampire,en,1994,11,123,"Drama,Fantasy,Horror",7.5,50000000.0,223564608.0,173564608.0,7709124.413793104
Jason Goes to Hell: The Final Friday,en,1993,8,,,,3000000.0,15935068.0,12935068.0,531168.9333333333
Warlock: The Armageddon,en,1993,5,98,"Action,Fantasy,Horror",5.4,3000000.0,3902679.0,902679.0,130089.3
The Dark Half,en,1993,4,122,"Horror,Mystery,Thriller",6.0,15000000.0,9579068.0,-5420932.0,319302.26666666666
Carol,de,1993,1,118,"Drama,Romance",7.2,11800000.0,42048857.0,30248857.0,1401628.5666666667
Bram Stoker's Dracula,en,1992,11,128,"Fantasy,Horror,Romance",7.4,40000000.0,215862666.0,175862666.0,6963311.806451613
Army of Darkness,en,1992,10,81,"Comedy,Horror",7.4,11000000.0,21502976.0,10502976.0,693644.3870967742
Raising Cain,en,1992,8,92,"Crime,Drama,Horror",6.1,11000000.0,21171695.0,10171695.0,682957.9032258064
Death Becomes Her,en,1992,7,104,"Comedy,Fantasy,Horror",6.7,55000000.0,149022650.0,94022650.0,4807182.258064516
Buffy the Vampire Slayer,en,1992,7,86,"Action,Comedy,Fantasy",5.7,7000000.0,14231669.0,7231669.0,459086.0967741936
Easy Virtue,ko,1992,5,80,"Romance,Thriller",5.4,14000000.0,20537741.0,6537741.0,662507.7741935484
Split Second,en,1992,5,85,"Crime,Drama,Film-Noir",6.8,7000000.0,5430822.0,-1569178.0,175187.8064516129
Spider,lv,1992,4,98,"Drama,Horror",6.6,10000000.0,1641788.0,-8358212.0,52960.903225806454
The Lawnmower Man,en,1992,3,108,"Horror,Sci-Fi",5.4,10000000.0,32100816.0,22100816.0,1035510.1935483871
The Touch,ru,1992,1,115,Drama,6.3,20000000.0,5918742.0,-14081258.0,190927.16129032258
Strays,en,1991,12,105,"Crime,Drama",5.5,46000000.0,35983009.0,-10016991.0,1124469.03125
Babylon,de,1991,10,95,Drama,7.3,110000000.0,64470244.0,-45529756.0,2014695.125
Scary Movie,en,1991,10,82,"Comedy,Horror,Thriller",4.9,19000000.0,277200000.0,258200000.0,8662500.0
Child's Play 2,en,1990,11,84,"Horror,Thriller",6.0,13000000.0,34166572.0,21166572.0,1035350.6666666666
The Ghost Writer,en,1990,8,128,"Crime,Drama,Mystery",7.2,45000000.0,65532491.0,20532491.0,1985833.0606060605
Arachnophobia,en,1990,7,109,"Comedy,Horror,Thriller",6.5,31000000.0,53208180.0,22208180.0,1612369.0909090908
Gremlins 2: The New Batch,en,1990,6,106,"Comedy,Fantasy,Horror",6.4,50000000.0,41476097.0,-8523903.0,1256851.4242424243
Dark Angel,en,1990,1,91,"Action,Crime,Horror",6.1,7000000.0,4372561.0,-2627439.0,132501.84848484848
Tremors,en,1990,1,96,"Comedy,Horror",7.2,10000000.0,16668089.0,6668089.0,505093.6060606061
The Banker,en,1989,12,96,"Crime,Horror,Thriller",5.0,11000000.0,2990000.0,-8010000.0,87941.17647058824
Halloween 5: The Revenge of Michael Myers,en,1989,10,96,"Horror,Thriller",4.9,6000000.0,11642254.0,5642254.0,342419.23529411765
Friday the 13th Part VIII: Jason Takes Manhattan,en,1989,7,100,"Adventure,Horror,Thriller",4.5,5000000.0,14343976.0,9343976.0,421881.64705882355
Trapped,en,1989,6,56,"Drama,Western",5.8,30000000.0,7005468.0,-22994532.0,206043.17647058822
Warlock,en,1989,6,121,Western,7.1,7000000.0,8824553.0,1824553.0,259545.67647058822
The Toxic Avenger Part II,en,1989,2,102,"Action,Comedy,Horror",5.0,2300000.0,28950.0,-2271050.0,851.4705882352941
The Game,en,1989,1,91,"Action,Drama",5.1,50000000.0,80369970.0,30369970.0,2363822.6470588236
Skin Trade,de,1989,1,78,Documentary,8.5,9000000.0,1242.0,-8998758.0,36.529411764705884
Halloween 4: The Return of Michael Myers,en,1988,10,88,"Horror,Thriller",5.8,5000000.0,17768757.0,12768757.0,507678.77142857143
Freeway,en,1988,9,91,Thriller,5.1,3000000.0,295493.0,-2704507.0,8442.657142857142
A Nightmare on Elm Street 4: The Dream Master,en,1988,8,93,Horror,5.6,13000000.0,49369899.0,36369899.0,1410568.5428571429
Phantasm II,en,1988,7,97,"Action,Fantasy,Horror",6.4,3000000.0,7282851.0,4282851.0,208081.45714285714
Poltergeist III,en,1988,6,98,"Horror,Thriller",4.7,9500000.0,14114000.0,4614000.0,403257.14285714284
Friday the 13th Part VII: The New Blood,en,1988,5,,,,2800000.0,19170001.0,16370001.0,547714.3142857143
Lady in White,en,1988,4,109,"Mystery,Thriller",5.7,4700000.0,1705139.0,-2994861.0,48718.25714285715
Destroyer,en,1988,4,99,"Drama,Thriller,War",6.3,9000000.0,5865489.0,-3134511.0,167585.4
Prison,en,1988,3,79,Drama,6.7,4000000.0,354704.0,-3645296.0,10134.4
Contagion,en,1988,3,95,"Drama,Sci-Fi",4.1,60000000.0,137203939.0,77203939.0,3920112.5428571426
Return of the Living Dead Part II,en,1988,1,,,,6200000.0,9205924.0,3005924.0,263026.4
To Die For,en,1988,1,94,"Horror,Romance,Thriller",4.7,20000000.0,27688744.0,7688744.0,791106.9714285714
Little Shop of Horrors,en,1987,10,94,"Comedy,Horror,Musical",7.1,30000000.0,38747385.0,8747385.0,1076316.25
Rampage,en,1987,9,98,"Adventure,Romance",5.5,120000000.0,427947217.0,307947217.0,11887422.694444444
The Lost Boys,en,1987,7,97,"Comedy,Horror",7.2,8500000.0,32394143.0,23894143.0,899837.3055555555
Creepshow 2,en,1987,5,92,"Fantasy,Horror",6.0,3500000.0,14000000.0,10500000.0,388888.8888888889
Evil Dead II,en,1987,3,84,"Comedy,Horror",7.7,3500000.0,5927557.0,2427557.0,164654.36111111112
Adoration,fr,1987,1,73,Drama,6.4,4000000.0,384244.0,-3615756.0,10673.444444444445
Witchboard,en,1986,12,98,"Horror,Mystery,Thriller",5.7,2000000.0,7369373.0,5369373.0,199172.24324324325
The Immigrant,en,1986,10,60,Drama,7.4,16000000.0,7585011.0,-8414989.0,205000.2972972973
The Texas Chainsaw Massacre 2,en,1986,8,101,"Comedy,Horror",5.6,4700000.0,8025872.0,3325872.0,216915.45945945947
Friday the 13th Part VI: Jason Lives,en,1986,8,86,"Horror,Thriller",6.0,3000000.0,19472523.0,16472523.0,526284.4054054054
Fair Game,en,1986,7,86,"Action,Adventure,Thriller",5.9,50000000.0,26097497.0,-23902503.0,705337.7567567568
Invaders from Mars,en,1986,6,78,"Horror,Sci-Fi",6.2,12000000.0,4984663.0,-7015337.0,134720.62162162163
Underworld,en,1985,11,80,"Crime,Drama,Film-Noir",7.5,22000000.0,95708457.0,73708457.0,2518643.6052631577
Fortress,en,1985,11,88,"Action,Crime,Thriller",7.0,12000000.0,46730578.0,34730578.0,1229752.0526315789
The Island,cn,1985,10,107,Drama,7.1,120000000.0,163018913.0,43018913.0,4289971.394736842
Silver Bullet,en,1985,10,95,Horror,6.4,7000000.0,10803211.0,3803211.0,284295.0263157895
Lifeforce,en,1985,6,101,"Action,Horror,Mystery",6.1,25000000.0,11603545.0,-13396455.0,305356.44736842107
The Return of the Living Dead,en,1985,4,91,"Comedy,Horror,Sci-Fi",7.3,4000000.0,14238828.0,10238828.0,374706.0
Def-Con 4,en,1985,3,,,,1300000.0,210904.0,-1089096.0,5550.105263157895
C.H.U.D.,en,1984,8,88,"Horror,Sci-Fi",5.6,1250000.0,4700000.0,3450000.0,120512.82051282052
Gremlins,en,1984,6,106,"Comedy,Fantasy,Horror",7.3,11000000.0,152445758.0,141445758.0,3908865.5897435895
Carnage,en,1984,4,91,Horror,3.6,25000000.0,38112154.0,13112154.0,977234.717948718
Hocus Pocus,cn,1984,1,93,"Comedy,Fantasy,Horror",5.5,28000000.0,51348841.0,23348841.0,1316636.9487179487
Obsessed,cn,1983,12,78,"Crime,Drama,Mystery",6.6,20000000.0,73964713.0,53964713.0,1849117.825
The Dead Zone,en,1983,10,103,"Drama,Horror,Sci-Fi",7.2,10000000.0,20766000.0,10766000.0,519150.0
Twilight Zone: The Movie,en,1983,6,101,"Horror,Sci-Fi",6.4,10000000.0,29500000.0,19500000.0,737500.0
Videodrome,en,1983,2,87,"Horror,Sci-Fi,Thriller",7.2,5952000.0,2121939.0,-3830061.0,53048.475
Panic,it,1982,12,90,"Horror,Sci-Fi",3.5,1000000.0,1425707.0,425707.0,34773.34146341463
Creepshow,en,1982,11,120,"Comedy,Fantasy,Horror",6.8,8000000.0,20036244.0,12036244.0,488688.8780487805
Jekyll and Hyde... Together Again,en,1982,11,87,"Comedy,Music,Sci-Fi",6.1,5000000.0,3707583.0,-1292417.0,90428.85365853658
Wild Things,fr,1982,8,108,"Crime,Drama,Mystery",6.6,20000000.0,55576210.0,35576210.0,1355517.3170731708
The Fan,de,1982,6,89,"Comedy,Romance",6.6,55000000.0,18582965.0,-36417035.0,453243.0487804878
Cat People,en,1982,4,73,"Fantasy,Horror,Thriller",7.2,12500000.0,21000000.0,8500000.0,512195.1219512195
Monster Hunter,it,1981,10,\N,Action,6.3,60000000.0,47853893.0,-12146107.0,1139378.4047619049
The Evil Dead,en,1981,9,85,Horror,7.4,375000.0,29400000.0,29025000.0,700000.0
Friday the 13th Part 2,en,1981,5,87,"Horror,Mystery,Thriller",6.1,1250000.0,21722776.0,20472776.0,517208.95238095237
Graduation Day,en,1981,5,96,"Horror,Mystery,Thriller",4.8,250000.0,23894000.0,23644000.0,568904.7619047619
Night School,en,1981,1,88,"Horror,Mystery,Thriller",5.6,29000000.0,104145633.0,75145633.0,2479657.9285714286
Dressed to Kill,en,1980,7,70,"Comedy,Crime",6.5,6500000.0,31899000.0,25399000.0,741837.2093023256
The Shining,en,1980,5,146,"Drama,Horror",8.4,19000000.0,46223437.0,27223437.0,1074963.6511627906
Prophecy,en,1980,2,102,"Horror,Sci-Fi,Thriller",5.6,12000000.0,22673340.0,10673340.0,527286.976744186
Fascination,fr,1979,11,70,Drama,6.1,5000000.0,83356.0,-4916644.0,1894.4545454545455
Alien,en,1979,5,117,"Horror,Sci-Fi",8.5,10700000.0,188034787.0,177334787.0,4273517.886363637
Jaws 2,en,1978,6,116,"Adventure,Horror,Thriller",5.8,20000000.0,208900376.0,188900376.0,4642230.577777778
Beauty and the Beast,cs,1978,3,93,"Drama,Fantasy,Romance",7.9,160000000.0,1268697483.0,1108697483.0,28193277.4
Jaws,en,1978,1,124,"Adventure,Drama,Thriller",8.1,12000000.0,483655893.0,471655893.0,10747908.733333332
Kingdom of the Spiders,en,1977,8,97,"Horror,Sci-Fi",5.7,500000.0,17000000.0,16500000.0,369565.2173913043
Exorcist II: The Heretic,en,1977,6,117,Horror,3.8,14000000.0,25011000.0,11011000.0,543717.3913043478
Eraserhead,en,1977,3,89,"Fantasy,Horror",7.3,100000.0,7097971.0,6997971.0,154303.71739130435
The Sentinel,en,1977,1,92,Horror,6.3,60000000.0,78080697.0,18080697.0,1697406.456521739
The Hunchback of Notre Dame,en,1976,12,133,"Drama,Horror,Romance",7.2,100000000.0,325500000.0,225500000.0,6925531.914893617
The Animal,en,1976,1,88,Thriller,6.9,22000000.0,55762229.0,33762229.0,1186430.4042553192
The Rocky Horror Picture Show,en,1975,8,100,"Comedy,Horror,Musical",7.4,1200000.0,41733666.0,40533666.0,869451.375
Home for the Holidays,en,1974,7,103,"Comedy,Drama,Romance",6.6,20000000.0,22119269.0,2119269.0,451413.6530612245
Sugar Hill,en,1974,2,91,"Action,Crime,Horror",5.8,10000000.0,18423914.0,8423914.0,375998.2448979592
The Exorcist,en,1973,12,122,Horror,8.1,12000000.0,428824083.0,416824083.0,8576481.66
Rosemary's Baby,en,1968,6,137,"Drama,Horror",8.0,3200000.0,33397080.0,30197080.0,607219.6363636364
Viy,ru,1967,11,77,"Drama,Fantasy,Horror",7.2,26000000.0,34246770.0,8246770.0,611549.4642857143
A Ghost Story,en,1964,2,92,"Drama,Fantasy,Mystery",6.8,100000.0,2769782.0,2669782.0,46945.457627118645
Insomnia,fr,1963,1,85,Comedy,5.5,46000000.0,113622499.0,67622499.0,1893708.3166666667
Where the Truth Lies,fr,1962,3,83,Thriller,6.4,25000000.0,1415656.0,-23584344.0,23207.475409836065
Godzilla,ja,1954,11,96,"Horror,Sci-Fi",7.5,160000000.0,529076069.0,369076069.0,7667769.115942029
"The Beast from 20,000 Fathoms",en,1953,6,80,"Horror,Sci-Fi",6.6,210000.0,5000000.0,4790000.0,71428.57142857143
